X,created_at,full_text,likes_count,mentioning_users.0,mentioning_users.1,mentioning_users.2,mentioning_users.3,mentioning_users.4,mentioning_users.5,mentioning_users.6,mentioning_users.7,mentioning_users.8,mentioning_users.9,mentioning_users.10,mentioning_users.11,mentioning_users.12,mentioning_users.13,mentioning_users.14,mentioning_users.15,played_count,quotes_count,replies_count,replying_to.0,replying_to.1,replying_to.2,replying_to.3,replying_to.4,replying_to.5,replying_to.6,replying_to.7,replying_to.8,replying_to.9,replying_to.10,replying_to.11,replying_to.12,replying_to.13,replying_to.14,replying_to.15,replying_to.16,replying_to.17,replying_to.18,replying_to.19,replying_to.20,replying_to.21,replying_to.22,replying_to.23,replying_to.24,replying_to.25,replying_to.26,replying_to.27,replying_to.28,replying_to.29,replying_to.30,replying_to.31,replying_to.32,replying_to.33,replying_to.34,replying_to.35,replying_to.36,replying_to.37,replying_to.38,replying_to.39,replying_to.40,replying_to.41,replying_to.42,replying_to.43,replying_to.44,replying_to.45,replying_to.46,replying_to.47,retweeted_by,retweets_count,tweet_hashtags.0,tweet_hashtags.1,tweet_hashtags.2,tweet_hashtags.3,tweet_hashtags.4,tweet_hashtags.5,tweet_hashtags.6,tweet_hashtags.7,tweet_hashtags.8,tweet_hashtags.9,tweet_hashtags.10,tweet_hashtags.11,tweet_hashtags.12,tweet_hashtags.13,tweet_hashtags.14,tweet_hashtags.15,tweet_hashtags.16,tweet_hashtags.17,tweet_hashtags.18,tweet_hashtags.19,tweet_hashtags.20,tweet_hashtags.21,tweet_hashtags.22,tweet_hashtags.23,tweet_id,tweet_links.0,tweet_links.1,tweet_links.2,tweet_links.3,url,user_is_verified,user_name,language,engagement,sentiment_scores,positive,neutral,negative,compound,sentiment_label
2,Thu Aug 10 18:12:00 +00:00 2023,,0,,,,,,,,,,,,,,,,,0,0,0,,,,,,,,,,,,,,,,,,,,,,,,,,,,,,,,,,,,,,,,,,,,,,,,,,0,#propagande!!,#Vaccination,#gardasil,,,,,,,,,,,,,,,,,,,,,,1.6897013465202483e+18,,,,,https://twitter.com/Maren31_Uhl/status/1689701346520248320,False,5c3a8cbb,it,0,"{'positive': 0, 'neutral': 0.5, 'negative': 0.5, 'compound': -0.5, 'sentiment_label': 'Negative'}",0.0,0.5,0.5,-0.5,Negative
11,Tue May 30 22:13:00 +00:00 2023,done,1,,,,,,,,,,,,,,,,,0,0,0,,,,,,,,,,,,,,,,,,,,,,,,,,,,,,,,,,,,,,,,,,,,,,,,,,0,#gardasil,#hpva??,,,,,,,,,,,,,,,,,,,,,,,1.663669903474262e+18,,,,,https://twitter.com/Dark_Ch0c_late/status/1663669903474262017,False,e396abdc,it,1,"{'positive': 0.5, 'neutral': 0.5, 'negative': 0, 'compound': 0.5, 'sentiment_label': 'Positive'}",0.5,0.5,0.0,0.5,Positive
20,Fri May 26 17:56:00 +00:00 2023,poizon,1,,,,,,,,,,,,,,,,,0,0,0,,,,,,,,,,,,,,,,,,,,,,,,,,,,,,,,,,,,,,,,,,,,,,,,,,0,#Gardasil,#GARDASIL,,,,,,,,,,,,,,,,,,,,,,,1.6621557930077716e+18,,,,,https://twitter.com/Hell3June/status/1662155793007771654,False,f0dad914,it,1,"{'positive': 0, 'neutral': 1, 'negative': 0, 'compound': 0.0, 'sentiment_label': 'Neutral'}",0.0,1.0,0.0,0.0,Neutral
30,Mon Jun 19 16:34:00 +00:00 2023,poizon,2,,,,,,,,,,,,,,,,,0,0,0,,,,,,,,,,,,,,,,,,,,,,,,,,,,,,,,,,,,,,,,,,,,,,,,,,0,#Gardasil,#GARDASIL,,,,,,,,,,,,,,,,,,,,,,,1.6708323567336653e+18,,,,,https://twitter.com/Hell3June/status/1670832356733665280,False,f0dad914,it,2,"{'positive': 0, 'neutral': 1, 'negative': 0, 'compound': 0.0, 'sentiment_label': 'Neutral'}",0.0,1.0,0.0,0.0,Neutral
44,Tue Jul 25 16:46:00 +00:00 2023,,1,a7587ab3,,,,,,,,,,,,,,,,0,0,0,,,,,,,,,,,,,,,,,,,,,,,,,,,,,,,,,,,,,,,,,,,,,,,,,,0,#Gardasil,#HPV,,,,,,,,,,,,,,,,,,,,,,,1.683881311033864e+18,,,,,https://twitter.com/JaneOfArc6/status/1683881311033864210,False,7086e2aa,it,1,"{'positive': 0, 'neutral': 0.5, 'negative': 0.5, 'compound': -0.5, 'sentiment_label': 'Negative'}",0.0,0.5,0.5,-0.5,Negative
58,Fri Jul 07 18:03:00 +00:00 2023,,6,a7587ab3,,,,,,,,,,,,,,,,0,0,0,6229fd75,e693a2e9,,,,,,,,,,,,,,,,,,,,,,,,,,,,,,,,,,,,,,,,,,,,,,,,5,#Gardasil,,,,,,,,,,,,,,,,,,,,,,,,1.6773779175239844e+18,,,,,https://twitter.com/JaneOfArc6/status/1677377917523984384,False,7086e2aa,it,11,"{'positive': 0, 'neutral': 0.5, 'negative': 0.5, 'compound': -0.5, 'sentiment_label': 'Negative'}",0.0,0.5,0.5,-0.5,Negative
65,Wed Jul 05 08:50:00 +00:00 2023,poizon,3,,,,,,,,,,,,,,,,,0,0,0,,,,,,,,,,,,,,,,,,,,,,,,,,,,,,,,,,,,,,,,,,,,,,,,,,0,#Gardasil,#GARDASIL,,,,,,,,,,,,,,,,,,,,,,,1.6765139927962583e+18,,,,,https://twitter.com/Hell3June/status/1676513992796258305,False,f0dad914,it,3,"{'positive': 0, 'neutral': 1, 'negative': 0, 'compound': 0.0, 'sentiment_label': 'Neutral'}",0.0,1.0,0.0,0.0,Neutral
68,Tue May 02 17:58:00 +00:00 2023,pipedvideokajqrxw via,12,f6961215,,,,,,,,,,,,,,,,0,0,2,,,,,,,,,,,,,,,,,,,,,,,,,,,,,,,,,,,,,,,,,,,,,,,,,,1,#Garadasil9,#?????_???_?????,#...,#gardasil,#HPV_vaccine,,,,,,,,,,,,,,,,,,,,1.6534588934674268e+18,https://piped.video/188kaJQR2Xw,,,,https://twitter.com/AlZirqi/status/1653458893467426816,True,7a7949d8,it,15,"{'positive': 1.0, 'neutral': 0.0, 'negative': 0, 'compound': 1.0, 'sentiment_label': 'Positive'}",1.0,0.0,0.0,1.0,Positive
72,Tue Jul 11 20:10:00 +00:00 2023,,7,a7587ab3,,,,,,,,,,,,,,,,0,0,1,,,,,,,,,,,,,,,,,,,,,,,,,,,,,,,,,,,,,,,,,,,,,,,,,,5,#Gardasil,,,,,,,,,,,,,,,,,,,,,,,,1.6788593958311483e+18,,,,,https://twitter.com/JaneOfArc6/status/1678859395831148549,False,7086e2aa,it,13,"{'positive': 0, 'neutral': 0.5, 'negative': 0.5, 'compound': -0.5, 'sentiment_label': 'Negative'}",0.0,0.5,0.5,-0.5,Negative
199,Fri Apr 14 05:49:00 +00:00 2023,poipoi sonson,2,,,,,,,,,,,,,,,,,0,0,0,,,,,,,,,,,,,,,,,,,,,,,,,,,,,,,,,,,,,,,,,,,,,,,,,,0,#Gardasil,#GARDASIL,,,,,,,,,,,,,,,,,,,,,,,1.6467525389248102e+18,,,,,https://twitter.com/Hell3June/status/1646752538924810240,False,f0dad914,it,2,"{'positive': 1.0, 'neutral': 0.0, 'negative': 0, 'compound': 1.0, 'sentiment_label': 'Positive'}",1.0,0.0,0.0,1.0,Positive
201,Tue Jul 11 10:58:00 +00:00 2023,,0,,,,,,,,,,,,,,,,,0,0,0,,,,,,,,,,,,,,,,,,,,,,,,,,,,,,,,,,,,,,,,,,,,,,,,,,0,#HPV,#Gardasil,#vaccination,,,,,,,,,,,,,,,,,,,,,,1.678720493237551e+18,,,,,https://twitter.com/imclaire51/status/1678720493237551106,False,16cac2ea,it,0,"{'positive': 0, 'neutral': 0.5, 'negative': 0.5, 'compound': -0.5, 'sentiment_label': 'Negative'}",0.0,0.5,0.5,-0.5,Negative
204,Tue Jul 11 07:31:00 +00:00 2023,poizon,3,,,,,,,,,,,,,,,,,0,0,0,,,,,,,,,,,,,,,,,,,,,,,,,,,,,,,,,,,,,,,,,,,,,,,,,,1,#Gardasil,#GARDASIL,,,,,,,,,,,,,,,,,,,,,,,1.678668298760647e+18,,,,,https://twitter.com/Hell3June/status/1678668298760646656,False,f0dad914,it,4,"{'positive': 0, 'neutral': 1, 'negative': 0, 'compound': 0.0, 'sentiment_label': 'Neutral'}",0.0,1.0,0.0,0.0,Neutral
211,Mon Mar 27 15:54:00 +00:00 2023,disastroso il bilancio dei risultati del vaccino il tasso di mortalit negli studi clinici sul gardasil era di ovvero volta quello del cancro cervicalema la fda ne spinge lutilizzo childrenshealthdefenseorgn,83,,,,,,,,,,,,,,,,,0,3,3,,,,,,,,,,,,,,,,,,,,,,,,,,,,,,,,,,,,,,,,,,,,,,,,,,61,#Gardasil.,,,,,,,,,,,,,,,,,,,,,,,,1.6403816947997532e+18,https://childrenshealthdefense.org/news/25-raisons-deviter-le-vaccin-gardasil/?lang=fr,,,,https://twitter.com/BarbaraRaval/status/1640381694799753218,False,843cb078,it,150,"{'positive': 0, 'neutral': 0.0, 'negative': 1.0, 'compound': -1.0, 'sentiment_label': 'Negative'}",0.0,0.0,1.0,-1.0,Negative
219,Sat Jul 01 06:28:00 +00:00 2023,poizon,0,,,,,,,,,,,,,,,,,0,0,0,,,,,,,,,,,,,,,,,,,,,,,,,,,,,,,,,,,,,,,,,,,,,,,,,,0,#Gardasil,#GARDASIL,,,,,,,,,,,,,,,,,,,,,,,1.6750285997814252e+18,,,,,https://twitter.com/Hell3June/status/1675028599781425153,False,f0dad914,it,0,"{'positive': 0, 'neutral': 1, 'negative': 0, 'compound': 0.0, 'sentiment_label': 'Neutral'}",0.0,1.0,0.0,0.0,Neutral
223,Sun Apr 16 22:18:00 +00:00 2023,transparence,0,,,,,,,,,,,,,,,,,0,0,0,,,,,,,,,,,,,,,,,,,,,,,,,,,,,,,,,,,,,,,,,,,,,,,,,,0,#France,#vaccin,#gardasil,,,,,,,,,,,,,,,,,,,,,,1.647726104268923e+18,,,,,https://twitter.com/dommajeur/status/1647726104268922880,False,537f5f40,it,0,"{'positive': 1.0, 'neutral': 0.0, 'negative': 0, 'compound': 1.0, 'sentiment_label': 'Positive'}",1.0,0.0,0.0,1.0,Positive
238,Sun Apr 16 14:11:00 +00:00 2023,poipoi son,0,,,,,,,,,,,,,,,,,0,0,0,,,,,,,,,,,,,,,,,,,,,,,,,,,,,,,,,,,,,,,,,,,,,,,,,,0,#Gardasil,#GARDASIL,,,,,,,,,,,,,,,,,,,,,,,1.647603543493206e+18,,,,,https://twitter.com/Hell3June/status/1647603543493206016,False,f0dad914,it,0,"{'positive': 0, 'neutral': 1, 'negative': 0, 'compound': 0.0, 'sentiment_label': 'Neutral'}",0.0,1.0,0.0,0.0,Neutral
240,Sat Mar 25 17:43:00 +00:00 2023,poison,0,,,,,,,,,,,,,,,,,0,0,0,,,,,,,,,,,,,,,,,,,,,,,,,,,,,,,,,,,,,,,,,,,,,,,,,,0,#Gardasil,#gardasil,#GARDASIL,,,,,,,,,,,,,,,,,,,,,,1.6396845455102444e+18,,,,,https://twitter.com/Hell3June/status/1639684545510244353,False,f0dad914,it,0,"{'positive': 0, 'neutral': 0.0, 'negative': 1.0, 'compound': -1.0, 'sentiment_label': 'Negative'}",0.0,0.0,1.0,-1.0,Negative
241,Sun Apr 16 13:39:00 +00:00 2023,,0,,,,,,,,,,,,,,,,,0,0,0,939f14c7,,,,,,,,,,,,,,,,,,,,,,,,,,,,,,,,,,,,,,,,,,,,,,,,,0,#VAERS,#vaccineinjury,#VaccineDeath,#Covidvaccination,#CovidVaccine,#flu,#gardasil,,,,,,,,,,,,,,,,,,1.6475956732969615e+18,,,,,https://twitter.com/GardasilNews/status/1647595673296961538,False,6f4cf129,it,0,"{'positive': 0, 'neutral': 0.5, 'negative': 0.5, 'compound': -0.5, 'sentiment_label': 'Negative'}",0.0,0.5,0.5,-0.5,Negative
249,Sat Mar 25 06:35:00 +00:00 2023,poison,0,,,,,,,,,,,,,,,,,0,0,0,,,,,,,,,,,,,,,,,,,,,,,,,,,,,,,,,,,,,,,,,,,,,,,,,,0,#gardasil,#Gardasil,#GARDASIL.,,,,,,,,,,,,,,,,,,,,,,1.6395162251253596e+18,,,,,https://twitter.com/Hell3June/status/1639516225125359616,False,f0dad914,it,0,"{'positive': 0, 'neutral': 0.0, 'negative': 1.0, 'compound': -1.0, 'sentiment_label': 'Negative'}",0.0,0.0,1.0,-1.0,Negative
278,Wed Mar 15 07:46:00 +00:00 2023,poison,1,,,,,,,,,,,,,,,,,0,0,0,,,,,,,,,,,,,,,,,,,,,,,,,,,,,,,,,,,,,,,,,,,,,,,,,,0,#Gardasil,#gardasil,#GARDASIL,,,,,,,,,,,,,,,,,,,,,,1.635910269921534e+18,,,,,https://twitter.com/Hell3June/status/1635910269921533952,False,f0dad914,it,1,"{'positive': 0, 'neutral': 0.0, 'negative': 1.0, 'compound': -1.0, 'sentiment_label': 'Negative'}",0.0,0.0,1.0,-1.0,Negative
280,Fri Feb 17 23:30:00 +00:00 2023,livechildrenshealthdefense,2,,,,,,,,,,,,,,,,,0,0,1,,,,,,,,,,,,,,,,,,,,,,,,,,,,,,,,,,,,,,,,,,,,,,,,,,1,#GardasilVaccine,#Vaccine,#Gardasil,#CHD,#Merck,#litigation,,,,,,,,,,,,,,,,,,,1.626725839722127e+18,https://live.childrenshealthdefense.org/chd-tv/shows/good-morning-chd/gardasil-vaccine-on-trial-with-mary-holland-jd/,,,,https://twitter.com/Wacaser/status/1626725839722127360,False,2d9e1a09,it,4,"{'positive': 1.0, 'neutral': 0.0, 'negative': 0, 'compound': 1.0, 'sentiment_label': 'Positive'}",1.0,0.0,0.0,1.0,Positive
319,Mon Mar 13 10:16:00 +00:00 2023,poison,2,,,,,,,,,,,,,,,,,0,0,0,e5e7f4cb,,,,,,,,,,,,,,,,,,,,,,,,,,,,,,,,,,,,,,,,,,,,,,,,,0,#gardasil,#Gardasil,#GARDASIL,,,,,,,,,,,,,,,,,,,,,,1.6352232873904128e+18,,,,,https://twitter.com/Hell3June/status/1635223287390412800,False,f0dad914,it,2,"{'positive': 0, 'neutral': 0.0, 'negative': 1.0, 'compound': -1.0, 'sentiment_label': 'Negative'}",0.0,0.0,1.0,-1.0,Negative
320,Fri Mar 17 07:40:00 +00:00 2023,poison,1,,,,,,,,,,,,,,,,,0,0,0,,,,,,,,,,,,,,,,,,,,,,,,,,,,,,,,,,,,,,,,,,,,,,,,,,0,#Gardasil,#gardasil,#GARDASIL,,,,,,,,,,,,,,,,,,,,,,1.6366335849109583e+18,,,,,https://twitter.com/Hell3June/status/1636633584910958595,False,f0dad914,it,1,"{'positive': 0, 'neutral': 0.0, 'negative': 1.0, 'compound': -1.0, 'sentiment_label': 'Negative'}",0.0,0.0,1.0,-1.0,Negative
341,Sat Mar 11 22:44:00 +00:00 2023,merci dr,1,930d0858,,,,,,,,,,,,,,,,0,0,0,,,,,,,,,,,,,,,,,,,,,,,,,,,,,,,,,,,,,,,,,,,,,,,,,,0,#Gardasil,,,,,,,,,,,,,,,,,,,,,,,,1.6346867807579136e+18,,,,,https://twitter.com/JaneOfArc6/status/1634686780757913601,False,7086e2aa,it,1,"{'positive': 1.0, 'neutral': 0.0, 'negative': 0, 'compound': 1.0, 'sentiment_label': 'Positive'}",1.0,0.0,0.0,1.0,Positive
351,Tue Dec 13 16:16:00 +00:00 2022,,0,,,,,,,,,,,,,,,,,0,0,0,,,,,,,,,,,,,,,,,,,,,,,,,,,,,,,,,,,,,,,,,,,,,,,,,,0,#Gardasil,#HPVvaccine,,,,,,,,,,,,,,,,,,,,,,,1.6026989002799063e+18,,,,,https://twitter.com/LotusGirlL/status/1602698900279906304,False,6519a4cb,it,0,"{'positive': 0, 'neutral': 0.5, 'negative': 0.5, 'compound': -0.5, 'sentiment_label': 'Negative'}",0.0,0.5,0.5,-0.5,Negative
382,Fri Dec 23 21:44:00 +00:00 2022,danni da vaccinogu importante ordinanza corte di appello di rom presdott alessandro nunziata relatore alessandra trementozzi per la volta italia riconosciuto diabete giovanile collegato vaccino antipapillomavirus eventiavversinewsitpronunc,7,,,,,,,,,,,,,,,,,0,1,0,,,,,,,,,,,,,,,,,,,,,,,,,,,,,,,,,,,,,,,,,,,,,,,,,,5,#Gardasil,,,,,,,,,,,,,,,,,,,,,,,,1.6064052980083343e+18,https://www.eventiavversinews.it/pronuncia-storica-riconosciuto-per-la-prima-volta-in-italia-dalla-corte-di-appello-di-roma-caso-di-diabete-giovanile-da-v-la-corte-costituzionale-si-esprimera-sullindennizzo-ordinanza-appena-pubb/,,,,https://twitter.com/BarbaraRaval/status/1606405298008334348,False,843cb078,it,13,"{'positive': 0, 'neutral': 0.0, 'negative': 1.0, 'compound': -1.0, 'sentiment_label': 'Negative'}",0.0,0.0,1.0,-1.0,Negative
384,Thu Mar 09 18:05:00 +00:00 2023,poison,1,,,,,,,,,,,,,,,,,0,0,0,,,,,,,,,,,,,,,,,,,,,,,,,,,,,,,,,,,,,,,,,,,,,,,,,,0,#Gardasil,,,,,,,,,,,,,,,,,,,,,,,,1.63389180884856e+18,,,,,https://twitter.com/Hell3June/status/1633891808848560133,False,f0dad914,it,1,"{'positive': 0, 'neutral': 0.0, 'negative': 1.0, 'compound': -1.0, 'sentiment_label': 'Negative'}",0.0,0.0,1.0,-1.0,Negative
387,Sat Jan 28 10:16:00 +00:00 2023,vaccine cervical,0,,,,,,,,,,,,,,,,,0,0,0,,,,,,,,,,,,,,,,,,,,,,,,,,,,,,,,,,,,,,,,,,,,,,,,,,0,#Gardasil,#HPV,#cancer,,,,,,,,,,,,,,,,,,,,,,1.619278303164248e+18,,,,,https://twitter.com/HateTheMachine/status/1619278303164248064,False,2db57c94,it,0,"{'positive': 0.5, 'neutral': 0.5, 'negative': 0, 'compound': 0.5, 'sentiment_label': 'Positive'}",0.5,0.5,0.0,0.5,Positive
388,Mon Feb 27 22:52:00 +00:00 2023,vaccin antihpv une dose suffit larevuedupraticienfrarticl via,1,6c67872d,,,,,,,,,,,,,,,,0,0,0,,,,,,,,,,,,,,,,,,,,,,,,,,,,,,,,,,,,,,,,,,,,,,,,,,0,#Gardasil,#vaccination,,,,,,,,,,,,,,,,,,,,,,,1.6303402138797425e+18,https://www.larevuedupraticien.fr/article/vaccin-anti-hpv-une-dose-suffit,,,,https://twitter.com/Maren31_Uhl/status/1630340213879742464,False,5c3a8cbb,it,1,"{'positive': 0.5, 'neutral': 0.5, 'negative': 0, 'compound': 0.5, 'sentiment_label': 'Positive'}",0.5,0.5,0.0,0.5,Positive
411,Sat Mar 11 16:23:00 +00:00 2023,poison,1,,,,,,,,,,,,,,,,,0,0,0,,,,,,,,,,,,,,,,,,,,,,,,,,,,,,,,,,,,,,,,,,,,,,,,,,0,#GARDASIL,#Gardasil,,,,,,,,,,,,,,,,,,,,,,,1.6345908337090314e+18,,,,,https://twitter.com/Hell3June/status/1634590833709031425,False,f0dad914,it,1,"{'positive': 0, 'neutral': 0.0, 'negative': 1.0, 'compound': -1.0, 'sentiment_label': 'Negative'}",0.0,0.0,1.0,-1.0,Negative
429,Wed Mar 01 23:22:00 +00:00 2023,,0,,,,,,,,,,,,,,,,,0,0,0,,,,,,,,,,,,,,,,,,,,,,,,,,,,,,,,,,,,,,,,,,,,,,,,,,0,#Covid,#Vaccination,#Pfizer,#Gardasil,,,,,,,,,,,,,,,,,,,,,1.6310725561101844e+18,,,,,https://twitter.com/WorldTwittizen/status/1631072556110184451,False,7bb66d1b,it,0,"{'positive': 0, 'neutral': 0.5, 'negative': 0.5, 'compound': -0.5, 'sentiment_label': 'Negative'}",0.0,0.5,0.5,-0.5,Negative
470,Sun Mar 05 20:46:00 +00:00 2023,,5,,,,,,,,,,,,,,,,,0,0,0,,,,,,,,,,,,,,,,,,,,,,,,,,,,,,,,,,,,,,,,,,,,,,,,,,1,#DNAcontaminants,#Gardasil,#HPVvaccine,#CancerSuppressorGene,#p53,,,,,,,,,,,,,,,,,,,,1.6324827380611604e+18,,,,,https://twitter.com/ivanajpavlovic/status/1632482738061160450,False,125d29b7,it,6,"{'positive': 0, 'neutral': 0.5, 'negative': 0.5, 'compound': -0.5, 'sentiment_label': 'Negative'}",0.0,0.5,0.5,-0.5,Negative
475,Sat Mar 11 10:04:00 +00:00 2023,,1,5fe1257b,e7a8f44d,a7587ab3,a48203ee,c03a1570,,,,,,,,,,,,0,0,0,,,,,,,,,,,,,,,,,,,,,,,,,,,,,,,,,,,,,,,,,,,,,,,,,,1,#Gardasil,#HPV,,,,,,,,,,,,,,,,,,,,,,,1.634495404786983e+18,,,,,https://twitter.com/JaneOfArc6/status/1634495404786982912,False,7086e2aa,it,2,"{'positive': 0, 'neutral': 0.5, 'negative': 0.5, 'compound': -0.5, 'sentiment_label': 'Negative'}",0.0,0.5,0.5,-0.5,Negative
497,Tue Mar 07 15:13:00 +00:00 2023,il prossimo obbligatorio sar proprio il,0,,,,,,,,,,,,,,,,,0,0,0,8980cf47,21d58037,,,,,,,,,,,,,,,,,,,,,,,,,,,,,,,,,,,,,,,,,,,,,,,,0,#Gardasil.,,,,,,,,,,,,,,,,,,,,,,,,1.6331237493512684e+18,,,,,https://twitter.com/scetticoh/status/1633123749351268354,False,f0b67885,it,0,"{'positive': 1.0, 'neutral': 0.0, 'negative': 0, 'compound': 1.0, 'sentiment_label': 'Positive'}",1.0,0.0,0.0,1.0,Positive
522,Fri Mar 03 21:31:00 +00:00 2023,magazine nexus marsavril,24,35cbf1ae,,,,,,,,,,,,,,,,0,0,1,,,,,,,,,,,,,,,,,,,,,,,,,,,,,,,,,,,,,,,,,,,,,,,,,,21,#Gardasil,#vaccin,#Papillomavirus,#effetssecondaires,,,,,,,,,,,,,,,,,,,,,1.6317693968583063e+18,,,,,https://twitter.com/eric_diss/status/1631769396858306561,False,88d5f9cc,it,46,"{'positive': 1.0, 'neutral': 0.0, 'negative': 0, 'compound': 1.0, 'sentiment_label': 'Positive'}",1.0,0.0,0.0,1.0,Positive
529,Fri Mar 03 21:29:00 +00:00 2023,,0,a7587ab3,,,,,,,,,,,,,,,,0,0,0,,,,,,,,,,,,,,,,,,,,,,,,,,,,,,,,,,,,,,,,,,,,,,,,,,0,#Gardasil,,,,,,,,,,,,,,,,,,,,,,,,1.631768665107452e+18,,,,,https://twitter.com/JaneOfArc6/status/1631768665107451904,False,7086e2aa,it,0,"{'positive': 0, 'neutral': 0.5, 'negative': 0.5, 'compound': -0.5, 'sentiment_label': 'Negative'}",0.0,0.5,0.5,-0.5,Negative
542,Tue Mar 07 12:28:00 +00:00 2023,poi son,5,,,,,,,,,,,,,,,,,0,0,1,,,,,,,,,,,,,,,,,,,,,,,,,,,,,,,,,,,,,,,,,,,,,,,,,,6,#Gardasil,,,,,,,,,,,,,,,,,,,,,,,,1.6330820770075648e+18,,,,,https://twitter.com/Hell3June/status/1633082077007564802,False,f0dad914,it,12,"{'positive': 0, 'neutral': 1, 'negative': 0, 'compound': 0.0, 'sentiment_label': 'Neutral'}",0.0,1.0,0.0,0.0,Neutral
546,Sun Mar 05 17:44:00 +00:00 2023,class action contro merck per gardasil il suo vaccino lazione legale sta raccogliendo adesioni di vittime di tutti stati usa sarebbe responsabile dello sviluppo di disturbi autoimmuni eo neurologiciexposenewscomh,3,,,,,,,,,,,,,,,,,0,1,0,,,,,,,,,,,,,,,,,,,,,,,,,,,,,,,,,,,,,,,,,,,,,,,,,,3,"#USA,",#HPV,#DanniDaVaccino,#Gardasil,#Merck,,,,,,,,,,,,,,,,,,,,1.632436936496251e+18,https://expose-news.com/2023/03/03/hpv-vax-causes-auto-immune-neurologic-disorders/,,,,https://twitter.com/LiberaInformaz/status/1632436936496250880,False,cf6c6ed7,it,7,"{'positive': 0, 'neutral': 0.0, 'negative': 1.0, 'compound': -1.0, 'sentiment_label': 'Negative'}",0.0,0.0,1.0,-1.0,Negative
552,Sun Mar 05 17:25:00 +00:00 2023,,0,,,,,,,,,,,,,,,,,0,0,0,,,,,,,,,,,,,,,,,,,,,,,,,,,,,,,,,,,,,,,,,,,,,,,,,,0,#Gardasil,#Papillomavirus,#VaccineSideEffects,#Sante,#France,#campagne,#vaccination,,,,,,,,,,,,,,,,,,1.632432239010087e+18,,,,,https://twitter.com/CSursum/status/1632432239010086913,False,f3190bd3,it,0,"{'positive': 0, 'neutral': 0.5, 'negative': 0.5, 'compound': -0.5, 'sentiment_label': 'Negative'}",0.0,0.5,0.5,-0.5,Negative
555,Wed Mar 01 22:12:00 +00:00 2023,,1,,,,,,,,,,,,,,,,,0,0,0,,,,,,,,,,,,,,,,,,,,,,,,,,,,,,,,,,,,,,,,,,,,,,,,,,1,#Papillomavirus,#Vaccin,#vaccination,#effetssecondaires,#Gardasil,,,,,,,,,,,,,,,,,,,,1.6310547838585935e+18,,,,,https://twitter.com/eric_diss/status/1631054783858593795,False,88d5f9cc,it,2,"{'positive': 0, 'neutral': 0.5, 'negative': 0.5, 'compound': -0.5, 'sentiment_label': 'Negative'}",0.0,0.5,0.5,-0.5,Negative
684,Fri Mar 03 18:29:00 +00:00 2023,,0,a7587ab3,,,,,,,,,,,,,,,,0,0,0,ed522992,,,,,,,,,,,,,,,,,,,,,,,,,,,,,,,,,,,,,,,,,,,,,,,,,0,#Gardasil,#Scandale,,,,,,,,,,,,,,,,,,,,,,,1.6317235006112806e+18,,,,,https://twitter.com/JaneOfArc6/status/1631723500611280917,False,7086e2aa,it,0,"{'positive': 0, 'neutral': 0.5, 'negative': 0.5, 'compound': -0.5, 'sentiment_label': 'Negative'}",0.0,0.5,0.5,-0.5,Negative
724,Fri Mar 03 16:35:00 +00:00 2023,,2,,,,,,,,,,,,,,,,,0,1,0,,,,,,,,,,,,,,,,,,,,,,,,,,,,,,,,,,,,,,,,,,,,,,,,,,1,#Gardasil,#vaccination,,,,,,,,,,,,,,,,,,,,,,,1.6316948533220352e+18,,,,,https://twitter.com/DLFParis16/status/1631694853322035200,False,12ba55ec,it,4,"{'positive': 0, 'neutral': 0.5, 'negative': 0.5, 'compound': -0.5, 'sentiment_label': 'Negative'}",0.0,0.5,0.5,-0.5,Negative
764,Mon Feb 27 09:57:00 +00:00 2023,,1,a7587ab3,,,,,,,,,,,,,,,,0,0,0,,,,,,,,,,,,,,,,,,,,,,,,,,,,,,,,,,,,,,,,,,,,,,,,,,0,#Gardasil,,,,,,,,,,,,,,,,,,,,,,,,1.630145019087663e+18,,,,,https://twitter.com/JaneOfArc6/status/1630145019087663105,False,7086e2aa,it,1,"{'positive': 0, 'neutral': 0.5, 'negative': 0.5, 'compound': -0.5, 'sentiment_label': 'Negative'}",0.0,0.5,0.5,-0.5,Negative
771,Thu Jul 13 08:03:00 +00:00 2023,tmoignage poizon,7,,,,,,,,,,,,,,,,,0,0,0,e0cdc9b4,,,,,,,,,,,,,,,,,,,,,,,,,,,,,,,,,,,,,,,,,,,,,,,,,3,#Gardasil,,,,,,,,,,,,,,,,,,,,,,,,1.6794011836965356e+18,,,,,https://twitter.com/Hell3June/status/1679401183696535552,False,f0dad914,it,10,"{'positive': 0, 'neutral': 0.0, 'negative': 1.0, 'compound': -1.0, 'sentiment_label': 'Negative'}",0.0,0.0,1.0,-1.0,Negative
775,Thu Jul 13 08:02:00 +00:00 2023,poizon,0,,,,,,,,,,,,,,,,,0,0,0,,,,,,,,,,,,,,,,,,,,,,,,,,,,,,,,,,,,,,,,,,,,,,,,,,0,#Gardasil,#GARDASIL,,,,,,,,,,,,,,,,,,,,,,,1.6794009416472655e+18,,,,,https://twitter.com/Hell3June/status/1679400941647265793,False,f0dad914,it,0,"{'positive': 0, 'neutral': 1, 'negative': 0, 'compound': 0.0, 'sentiment_label': 'Neutral'}",0.0,1.0,0.0,0.0,Neutral
797,Fri Mar 03 13:53:00 +00:00 2023,marieocane raconte son calvaire elle ellefrsocietenewsvaccin via,1,3bd07bd0,,,,,,,,,,,,,,,,0,0,0,,,,,,,,,,,,,,,,,,,,,,,,,,,,,,,,,,,,,,,,,,,,,,,,,,0,#Vaccin,#Gardasil,,,,,,,,,,,,,,,,,,,,,,,1.6316540648021197e+18,https://www.elle.fr/Societe/News/Vaccin-Gardasil-Marie-Oceane-raconte-son-calvaire-2624114,,,,https://twitter.com/Frugheon_D/status/1631654064802119683,False,0fcef7f0,it,1,"{'positive': 1.0, 'neutral': 0.0, 'negative': 0, 'compound': 1.0, 'sentiment_label': 'Positive'}",1.0,0.0,0.0,1.0,Positive
802,Fri Mar 03 13:17:00 +00:00 2023,esaurita la spinta propulsiva del tornano sparare nel mucchio contro caso compreso il contro il imparata la lezioncina del lo vedono ovunque anche con strumenti inadeguati bufalenetgrafenenelgarda,5,,,,,,,,,,,,,,,,,0,0,0,,,,,,,,,,,,,,,,,,,,,,,,,,,,,,,,,,,,,,,,,,,,,,,,,,0,#COVID19,#novax,#vaccini,#Gardasil,#papilloma.,#grafene,,,,,,,,,,,,,,,,,,,1.631644850004058e+18,https://www.bufale.net/grafene-nel-gardasil-contro-il-papilloma-novax-tornano-alle-basi/,,,,https://twitter.com/Bufalenet/status/1631644850004058116,True,fc282561,it,5,"{'positive': 0, 'neutral': 0.0, 'negative': 1.0, 'compound': -1.0, 'sentiment_label': 'Negative'}",0.0,0.0,1.0,-1.0,Negative
811,Wed Mar 01 20:40:00 +00:00 2023,,20,,,,,,,,,,,,,,,,,0,0,1,,,,,,,,,,,,,,,,,,,,,,,,,,,,,,,,,,,,,,,,,,,,,,,,,,18,#Gardasil,#Vaccin,#vaccination,#Papillomavirus,#BigPharma,#Merck,#Corruption,,,,,,,,,,,,,,,,,,1.6310317033795338e+18,,,,,https://twitter.com/eric_diss/status/1631031703379533830,False,88d5f9cc,it,39,"{'positive': 0, 'neutral': 0.5, 'negative': 0.5, 'compound': -0.5, 'sentiment_label': 'Negative'}",0.0,0.5,0.5,-0.5,Negative
828,Fri Mar 03 11:04:00 +00:00 2023,il un farmaco che ha fatto enormi danni devi cercare le notizie perch il non lo dice,0,,,,,,,,,,,,,,,,,0,0,0,94df2546,,,,,,,,,,,,,,,,,,,,,,,,,,,,,,,,,,,,,,,,,,,,,,,,,0,#Gardasil,#Mainstream,,,,,,,,,,,,,,,,,,,,,,,1.6316113992468398e+18,,,,,https://twitter.com/eterea_eterea/status/1631611399246839809,False,f46fa392,it,0,"{'positive': 0, 'neutral': 0.0, 'negative': 1.0, 'compound': -1.0, 'sentiment_label': 'Negative'}",0.0,0.0,1.0,-1.0,Negative
868,Wed Mar 01 18:58:00 +00:00 2023,tmoignage,0,,,,,,,,,,,,,,,,,0,0,0,,,,,,,,,,,,,,,,,,,,,,,,,,,,,,,,,,,,,,,,,,,,,,,,,,0,#Gardasil,,,,,,,,,,,,,,,,,,,,,,,,1.6310059099409285e+18,,,,,https://twitter.com/Hell3June/status/1631005909940928513,False,f0dad914,it,0,"{'positive': 0, 'neutral': 0.0, 'negative': 1.0, 'compound': -1.0, 'sentiment_label': 'Negative'}",0.0,0.0,1.0,-1.0,Negative
898,Fri Mar 03 06:48:00 +00:00 2023,,3,c03a1570,a7587ab3,9e9d5014,cf320380,930d0858,7722a1f9,d3c7cf9b,43504360,,,,,,,,,0,0,0,,,,,,,,,,,,,,,,,,,,,,,,,,,,,,,,,,,,,,,,,,,,,,,,,,3,#Gardasil,,,,,,,,,,,,,,,,,,,,,,,,1.6315470091098276e+18,,,,,https://twitter.com/JaneOfArc6/status/1631547009109827585,False,7086e2aa,it,6,"{'positive': 0, 'neutral': 0.5, 'negative': 0.5, 'compound': -0.5, 'sentiment_label': 'Negative'}",0.0,0.5,0.5,-0.5,Negative
899,Fri Mar 03 06:45:00 +00:00 2023,,1,a7587ab3,,,,,,,,,,,,,,,,0,0,0,1500ffbb,5fe1257b,,,,,,,,,,,,,,,,,,,,,,,,,,,,,,,,,,,,,,,,,,,,,,,,1,#Gardasil,,,,,,,,,,,,,,,,,,,,,,,,1.631546304127021e+18,,,,,https://twitter.com/JaneOfArc6/status/1631546304127021056,False,7086e2aa,it,2,"{'positive': 0, 'neutral': 0.5, 'negative': 0.5, 'compound': -0.5, 'sentiment_label': 'Negative'}",0.0,0.5,0.5,-0.5,Negative
928,Wed Mar 01 18:17:00 +00:00 2023,,2,,,,,,,,,,,,,,,,,0,0,0,,,,,,,,,,,,,,,,,,,,,,,,,,,,,,,,,,,,,,,,,,,,,,,,,,1,#graphene,#Gardasil,,,,,,,,,,,,,,,,,,,,,,,1.630995640585945e+18,,,,,https://twitter.com/ocelotactiif/status/1630995640585945089,False,944044e1,it,3,"{'positive': 0, 'neutral': 0.5, 'negative': 0.5, 'compound': -0.5, 'sentiment_label': 'Negative'}",0.0,0.5,0.5,-0.5,Negative
937,Thu Aug 24 23:41:00 +00:00 2023,ettore mostra,2,1d7cbb0c,5e223986,30148fe9,d6010c28,75dd93fb,,,,,,,,,,,,0,0,0,,,,,,,,,,,,,,,,,,,,,,,,,,,,,,,,,,,,,,,,,,,,,,,,,,0,#QuadroSpeciale1966,#Sottsass,#triennalemilano,#StopWar,#cessateilfuoco,#Ukraine?,#25aug,#25agosto2023,#pacis,#mir,#goal16,#Agenda2030,#PremioPaceCentroArteSeverMI,#Culture4peace,#solopace,,,,,,,,,,1.694857463915254e+18,,,,,https://twitter.com/ginugiola/status/1694857463915253973,False,6150f991,it,2,"{'positive': 1.0, 'neutral': 0.0, 'negative': 0, 'compound': 1.0, 'sentiment_label': 'Positive'}",1.0,0.0,0.0,1.0,Positive
950,Sun Aug 06 23:53:00 +00:00 2023,,0,,,,,,,,,,,,,,,,,0,0,0,,,,,,,,,,,,,,,,,,,,,,,,,,,,,,,,,,,,,,,,,,,,,,,,,,0,#agenda2030,#MacronDestitution,,,,,,,,,,,,,,,,,,,,,,,1.6883376024981668e+18,,,,,https://twitter.com/valou_2b/status/1688337602498166784,False,973fe047,it,0,"{'positive': 0, 'neutral': 0.5, 'negative': 0.5, 'compound': -0.5, 'sentiment_label': 'Negative'}",0.0,0.5,0.5,-0.5,Negative
975,Mon Jul 31 23:57:00 +00:00 2023,full,2,,,,,,,,,,,,,,,,,0,0,0,,,,,,,,,,,,,,,,,,,,,,,,,,,,,,,,,,,,,,,,,,,,,,,,,,0,#Agenda2030,,,,,,,,,,,,,,,,,,,,,,,,1.6861642059829002e+18,,,,,https://twitter.com/juancruzcip/status/1686164205982900224,False,92a005e3,it,2,"{'positive': 1.0, 'neutral': 0.0, 'negative': 0, 'compound': 1.0, 'sentiment_label': 'Positive'}",1.0,0.0,0.0,1.0,Positive
1028,Wed Mar 01 18:08:00 +00:00 2023,la raison du vaccin,0,,,,,,,,,,,,,,,,,0,0,0,,,,,,,,,,,,,,,,,,,,,,,,,,,,,,,,,,,,,,,,,,,,,,,,,,1,#pedocriminalitÈ,#Gardasil,,,,,,,,,,,,,,,,,,,,,,,1.6309933364157809e+18,,,,,https://twitter.com/LiraAmandine/status/1630993336415780870,False,28d0d4bd,it,1,"{'positive': 0.5, 'neutral': 0.5, 'negative': 0, 'compound': 0.5, 'sentiment_label': 'Positive'}",0.5,0.5,0.0,0.5,Positive
1077,Wed Aug 02 23:44:00 +00:00 2023,never trade biometric data shtcon digital id digital surveillance,157,,,,,,,,,,,,,,,,,0,6,14,,,,,,,,,,,,,,,,,,,,,,,,,,,,,,,,,,,,,,,,,,,,,,,,,,75,#CBDC,#Agenda2030,,,,,,,,,,,,,,,,,,,,,,,1.686885678255407e+18,,,,,https://twitter.com/Resist_CBDC/status/1686885678255407105,True,3f86250d,it,252,"{'positive': 0, 'neutral': 0.0, 'negative': 1.0, 'compound': -1.0, 'sentiment_label': 'Negative'}",0.0,0.0,1.0,-1.0,Negative
1092,Mon Jul 31 23:41:00 +00:00 2023,luned alle ore chat vocale al link tmeentrainvvlivestream lo schifo di incoerenza e assurdit che si nascondono dietro ugo mattei e il cln,0,,,,,,,,,,,,,,,,,0,0,0,,,,,,,,,,,,,,,,,,,,,,,,,,,,,,,,,,,,,,,,,,,,,,,,,,0,#31luglio,#V_V,#freedom,#diritti,#verit‡,#crisiclimatica,#ClimateCrisis,#Agenda2030,,,,,,,,,,,,,,,,,1.6861600594939658e+18,https://t.me/entra_in_v_v?livestream,,,,https://twitter.com/FabrizioViola9/status/1686160059493965824,False,fbb33c5f,it,0,"{'positive': 0, 'neutral': 0.0, 'negative': 1.0, 'compound': -1.0, 'sentiment_label': 'Negative'}",0.0,0.0,1.0,-1.0,Negative
1205,Mon Jul 17 23:42:00 +00:00 2023,,3,,,,,,,,,,,,,,,,,0,0,2,,,,,,,,,,,,,,,,,,,,,,,,,,,,,,,,,,,,,,,,,,,,,,,,,,3,#Agenda2030,#alexiscossette,#camillePagella,#WEF,#TSR,#suisse,#radioquebec,#radiocanada,#HillaryClinton,#karlzero,,,,,,,,,,,,,,,1.6810869551764849e+18,,,,,https://twitter.com/Mateo664750181/status/1681086955176484864,False,29de0a8c,it,8,"{'positive': 0, 'neutral': 0.5, 'negative': 0.5, 'compound': -0.5, 'sentiment_label': 'Negative'}",0.0,0.5,0.5,-0.5,Negative
1288,Wed Aug 30 23:09:00 +00:00 2023,nitternetistatus,2,,,,,,,,,,,,,,,,,0,0,1,,,,,,,,,,,,,,,,,,,,,,,,,,,,,,,,,,,,,,,,,,,,,,,,,,2,#FuerzaDelPueblo,#Fpcomunica,#Leonelfernandez,#Omarlfernandez,#Agenda2030,#Ucrania,#Leonel,,,,,,,,,,,,,,,,,,1.6970236445499228e+18,https://nitter.net/i/status/1697005658346811729,,,,https://twitter.com/fp_2024/status/1697023644549923072,False,b7b85d2a,it,5,"{'positive': 0, 'neutral': 1, 'negative': 0, 'compound': 0.0, 'sentiment_label': 'Neutral'}",0.0,1.0,0.0,0.0,Neutral
1340,Thu Jul 13 23:35:00 +00:00 2023,guida e ordina le mitiche imposizioni su come violare diritti e libert dei popoli segue assurde strategie politicheha gi programma la vera e la violazione di qualsiasi libera sceltaogni partecipa,0,,,,,,,,,,,,,,,,,0,0,0,,,,,,,,,,,,,,,,,,,,,,,,,,,,,,,,,,,,,,,,,,,,,,,,,,0,#WEF,#ONU,#Agende,#Dittatoriali,#Agenda2030,#Agenda2050,#Dittatura,#Governo,,,,,,,,,,,,,,,,,1.6796357782786785e+18,,,,,https://twitter.com/vlasec_ciotto/status/1679635778278678528,False,d775c989,it,0,"{'positive': 1.0, 'neutral': 0.0, 'negative': 0, 'compound': 1.0, 'sentiment_label': 'Positive'}",1.0,0.0,0.0,1.0,Positive
1440,Wed Mar 01 17:18:00 +00:00 2023,,2,a7587ab3,,,,,,,,,,,,,,,,0,0,0,,,,,,,,,,,,,,,,,,,,,,,,,,,,,,,,,,,,,,,,,,,,,,,,,,0,#Gardasil,,,,,,,,,,,,,,,,,,,,,,,,1.630980951999119e+18,,,,,https://twitter.com/JaneOfArc6/status/1630980951999119369,False,7086e2aa,it,2,"{'positive': 0, 'neutral': 0.5, 'negative': 0.5, 'compound': -0.5, 'sentiment_label': 'Negative'}",0.0,0.5,0.5,-0.5,Negative
1449,Mon Jul 17 23:23:00 +00:00 2023,pr planifi,0,,,,,,,,,,,,,,,,,0,0,0,,,,,,,,,,,,,,,,,,,,,,,,,,,,,,,,,,,,,,,,,,,,,,,,,,0,#Agenda2030,#WEF,,,,,,,,,,,,,,,,,,,,,,,1.681082254787846e+18,,,,,https://twitter.com/Pr0t0k0lT3t4/status/1681082254787846156,False,c83ca3ea,it,0,"{'positive': 0.5, 'neutral': 0.5, 'negative': 0, 'compound': 0.5, 'sentiment_label': 'Positive'}",0.5,0.5,0.0,0.5,Positive
1456,Mon Jul 03 23:29:00 +00:00 2023,si scrive si legge ghettosi scrive accoglienza si legge isolamentosi scrive integrazione si legge radicalizzazionesi scrive immigrazione si legge invasionesi scrive liberazione si legge occupazione,2,,,,,,,,,,,,,,,,,0,0,1,,,,,,,,,,,,,,,,,,,,,,,,,,,,,,,,,,,,,,,,,,,,,,,,,,0,"#banlieue,",#FranceRiots,#Agenda2030,#replacement,#antifa,#Soros,,,,,,,,,,,,,,,,,,,1.6760103257982648e+18,,,,,https://twitter.com/q_tuliata/status/1676010325798264833,False,d40063f7,it,3,"{'positive': 0, 'neutral': 0.0, 'negative': 1.0, 'compound': -1.0, 'sentiment_label': 'Negative'}",0.0,0.0,1.0,-1.0,Negative
1482,Tue Jul 25 23:14:00 +00:00 2023,perch non fate gli articoli contro politici allineati al,18,,,,,,,,,,,,,,,,,0,0,0,ad12cac8,,,,,,,,,,,,,,,,,,,,,,,,,,,,,,,,,,,,,,,,,,,,,,,,,1,#Wef,#Agenda2030,,,,,,,,,,,,,,,,,,,,,,,1.6839791164655124e+18,,,,,https://twitter.com/2021Rivoluzione/status/1683979116465512449,False,a2f8f7fb,it,19,"{'positive': 0, 'neutral': 0.0, 'negative': 1.0, 'compound': -1.0, 'sentiment_label': 'Negative'}",0.0,0.0,1.0,-1.0,Negative
1536,Tue Jul 11 23:13:00 +00:00 2023,pipedvideokgnkgodc,0,,,,,,,,,,,,,,,,,0,0,0,cdcc527c,,,,,,,,,,,,,,,,,,,,,,,,,,,,,,,,,,,,,,,,,,,,,,,,,0,#ClimateScam,#Agenda2030,,,,,,,,,,,,,,,,,,,,,,,1.6789052718282424e+18,https://piped.video/KGn-6kGoD0c,,,,https://twitter.com/bobby_biff/status/1678905271828242432,True,50cfe6ca,it,0,"{'positive': 0, 'neutral': 1, 'negative': 0, 'compound': 0.0, 'sentiment_label': 'Neutral'}",0.0,1.0,0.0,0.0,Neutral
1630,Wed Aug 16 23:12:00 +00:00 2023,carolina lavatelacon champu,1,,,,,,,,,,,,,,,,,0,0,0,,,,,,,,,,,,,,,,,,,,,,,,,,,,,,,,,,,,,,,,,,,,,,,,,,0,#Agenda2030,,,,,,,,,,,,,,,,,,,,,,,,1.6919510186516237e+18,,,,,https://twitter.com/soledad46878652/status/1691951018651623700,False,2c0f6760,it,1,"{'positive': 0, 'neutral': 1, 'negative': 0, 'compound': 0.0, 'sentiment_label': 'Neutral'}",0.0,1.0,0.0,0.0,Neutral
1664,Wed Mar 01 16:29:00 +00:00 2023,,0,,,,,,,,,,,,,,,,,0,0,0,,,,,,,,,,,,,,,,,,,,,,,,,,,,,,,,,,,,,,,,,,,,,,,,,,0,#Gardasil,#Vaccin,,,,,,,,,,,,,,,,,,,,,,,1.6309685868721605e+18,,,,,https://twitter.com/Nini67580/status/1630968586872160262,False,e92443ce,it,0,"{'positive': 0, 'neutral': 0.5, 'negative': 0.5, 'compound': -0.5, 'sentiment_label': 'Negative'}",0.0,0.5,0.5,-0.5,Negative
1676,Sun Jun 11 23:22:00 +00:00 2023,mi patrn nuevo dar chequesito,19,,,,,,,,,,,,,,,,,0,0,3,,,,,,,,,,,,,,,,,,,,,,,,,,,,,,,,,,,,,,,,,,,,,,,,,,0,#Agenda2030,,,,,,,,,,,,,,,,,,,,,,,,1.6680359494758154e+18,,,,,https://twitter.com/Mella10G/status/1668035949475815425,False,5033117a,it,22,"{'positive': 1.0, 'neutral': 0.0, 'negative': 0, 'compound': 1.0, 'sentiment_label': 'Positive'}",1.0,0.0,0.0,1.0,Positive
1718,Mon Jul 31 23:16:00 +00:00 2023,qu interesante,0,,,,,,,,,,,,,,,,,0,0,0,54b06103,,,,,,,,,,,,,,,,,,,,,,,,,,,,,,,,,,,,,,,,,,,,,,,,,0,#Agenda2030,#GreatReset,,,,,,,,,,,,,,,,,,,,,,,1.686153774581035e+18,,,,,https://twitter.com/useful_eater/status/1686153774581035008,False,3bd9fabc,it,0,"{'positive': 0, 'neutral': 1, 'negative': 0, 'compound': 0.0, 'sentiment_label': 'Neutral'}",0.0,1.0,0.0,0.0,Neutral
1739,Fri Aug 04 23:16:00 +00:00 2023,,0,1a91430c,,,,,,,,,,,,,,,,0,0,0,8e1e9f02,,,,,,,,,,,,,,,,,,,,,,,,,,,,,,,,,,,,,,,,,,,,,,,,,0,#agenda2030,,,,,,,,,,,,,,,,,,,,,,,,1.687603428216746e+18,,,,,https://twitter.com/Qalkierkoza/status/1687603428216745984,False,28b684d3,it,0,"{'positive': 0, 'neutral': 0.5, 'negative': 0.5, 'compound': -0.5, 'sentiment_label': 'Negative'}",0.0,0.5,0.5,-0.5,Negative
1752,Thu Jun 01 23:39:00 +00:00 2023,lite,0,,,,,,,,,,,,,,,,,0,0,0,,,,,,,,,,,,,,,,,,,,,,,,,,,,,,,,,,,,,,,,,,,,,,,,,,0,#Agenda2030,#La…lite,,,,,,,,,,,,,,,,,,,,,,,1.6644164660813903e+18,,,,,https://twitter.com/oc45060045/status/1664416466081390592,False,e9b882d4,it,0,"{'positive': 0, 'neutral': 0.5, 'negative': 0.5, 'compound': -0.5, 'sentiment_label': 'Negative'}",0.0,0.5,0.5,-0.5,Negative
1794,Sun May 28 23:30:00 +00:00 2023,eljardinesperanzacomfilant ntopos,0,,,,,,,,,,,,,,,,,0,0,0,,,,,,,,,,,,,,,,,,,,,,,,,,,,,,,,,,,,,,,,,,,,,,,,,,0,#agenda2030,#cambioclimatologico,#distopia,#EspaÒa,#fil·ntopos,#Gaslighting,#ingenieriasocial,#Manipulacion,#mentiras,#newage,#NOM,#ong,,,,,,,,,,,,,1.6629644972402726e+18,https://eljardinesperanza.com/filantropos-ongs-y-otras-mentiras/,,,,https://twitter.com/ESPERANZADELFIN/status/1662964497240272897,False,ab7535bc,it,0,"{'positive': 0, 'neutral': 0.0, 'negative': 1.0, 'compound': -1.0, 'sentiment_label': 'Negative'}",0.0,0.0,1.0,-1.0,Negative
1799,Sat Jun 03 23:23:00 +00:00 2023,pipedvideoniecgykdi,2,,,,,,,,,,,,,,,,,0,0,0,,,,,,,,,,,,,,,,,,,,,,,,,,,,,,,,,,,,,,,,,,,,,,,,,,1,#Agenda2030,#GlobalismoTotalitario,#Biden,#USA,,,,,,,,,,,,,,,,,,,,,1.6651370663409582e+18,https://piped.video/NieCGYkDi50,,,,https://twitter.com/ChileSOSChile/status/1665137066340958211,False,7e004589,it,3,"{'positive': 0, 'neutral': 1, 'negative': 0, 'compound': 0.0, 'sentiment_label': 'Neutral'}",0.0,1.0,0.0,0.0,Neutral
1886,Thu Jul 27 22:55:00 +00:00 2023,il sull di questo passo il sull pulita dell non sar realizzato ansaitansanotizieasv,2,,,,,,,,,,,,,,,,,0,1,0,,,,,,,,,,,,,,,,,,,,,,,,,,,,,,,,,,,,,,,,,,,,,,,,,,1,#Focus,#Iea,#Italia:,#Goal,#Agenda2030,#energy,#EnergyTransition,#SustainableFuture,#Sustainability,#RenewableEnergy,#carbonneutrality,#Europe,,,,,,,,,,,,,1.684699157410222e+18,https://www.ansa.it/ansa2030/notizie/asvis/2023/07/27/di-questo-passo-il-goal-7-sullenergia-pulita-dellagenda-2030-non-sara-realizzato_f879869b-0c4d-40be-9f26-2e65249a9dd5.html,,,,https://twitter.com/GradedSpa/status/1684699157410222080,False,911b6b06,it,4,"{'positive': 0, 'neutral': 0.0, 'negative': 1.0, 'compound': -1.0, 'sentiment_label': 'Negative'}",0.0,0.0,1.0,-1.0,Negative
1887,Sun May 28 23:21:00 +00:00 2023,,0,,,,,,,,,,,,,,,,,0,0,0,,,,,,,,,,,,,,,,,,,,,,,,,,,,,,,,,,,,,,,,,,,,,,,,,,1,#stopagenda2030,#agenda2030,#nomNuevaEsclavitudMundial,,,,,,,,,,,,,,,,,,,,,,1.6629622198505308e+18,,,,,https://twitter.com/VictorAVKS/status/1662962219850530818,False,53c59cd2,it,1,"{'positive': 0, 'neutral': 0.5, 'negative': 0.5, 'compound': -0.5, 'sentiment_label': 'Negative'}",0.0,0.5,0.5,-0.5,Negative
1926,Fri Aug 04 23:07:00 +00:00 2023,holocausto universal,2,,,,,,,,,,,,,,,,,0,0,0,,,,,,,,,,,,,,,,,,,,,,,,,,,,,,,,,,,,,,,,,,,,,,,,,,1,#Agenda2030,,,,,,,,,,,,,,,,,,,,,,,,1.6876010938222715e+18,,,,,https://twitter.com/Hartadetodo7622/status/1687601093822271489,False,cc7fc5f6,it,3,"{'positive': 1.0, 'neutral': 0.0, 'negative': 0, 'compound': 1.0, 'sentiment_label': 'Positive'}",1.0,0.0,0.0,1.0,Positive
1940,Fri Aug 18 22:32:00 +00:00 2023,il cancro dellitalia servo degli servi del dell dovete estinguervi,1,9132a9df,,,,,,,,,,,,,,,,0,0,1,d101a7d9,,,,,,,,,,,,,,,,,,,,,,,,,,,,,,,,,,,,,,,,,,,,,,,,,0,#usa,#wef,#Agenda2030,#Vannacci,#mussolini,,,,,,,,,,,,,,,,,,,,1.692665885473878e+18,,,,,https://twitter.com/baudaffipasqua3/status/1692665885473878098,False,ecd86d60,it,2,"{'positive': 0, 'neutral': 0.0, 'negative': 1.0, 'compound': -1.0, 'sentiment_label': 'Negative'}",0.0,0.0,1.0,-1.0,Negative
1950,Wed Jul 05 23:25:00 +00:00 2023,clinton francisco e soros jr,0,,,,,,,,,,,,,,,,,0,0,0,,,,,,,,,,,,,,,,,,,,,,,,,,,,,,,,,,,,,,,,,,,,,,,,,,0,#Agenda2030,#nwo,#wwg1wga,#pedogate,#Pizzagate,#TheLastPope,,,,,,,,,,,,,,,,,,,1.676734086193324e+18,,,,,https://twitter.com/carlosneves1971/status/1676734086193324033,False,496cdcf0,it,0,"{'positive': 0.5, 'neutral': 0.5, 'negative': 0, 'compound': 0.5, 'sentiment_label': 'Positive'}",0.5,0.5,0.0,0.5,Positive
1979,Sat Jul 15 23:12:00 +00:00 2023,voi che vi siete fatti chiudere casa e bucare come bestie dallevamento voi non vi sentite dei grandissimi coglioni,42,,,,,,,,,,,,,,,,,0,0,7,,,,,,,,,,,,,,,,,,,,,,,,,,,,,,,,,,,,,,,,,,,,,,,,,,9,#COVID19,#Agenda2030,#Burioni,#Bassetti,,,,,,,,,,,,,,,,,,,,,1.6803545573002035e+18,,,,,https://twitter.com/Annarella2020/status/1680354557300203520,False,436b9eaf,it,58,"{'positive': 0, 'neutral': 0.0, 'negative': 1.0, 'compound': -1.0, 'sentiment_label': 'Negative'}",0.0,0.0,1.0,-1.0,Negative
1985,Mon Jul 17 23:13:00 +00:00 2023,grazie ancora ai fratellini litalia salva da,0,,,,,,,,,,,,,,,,,0,0,0,,,,,,,,,,,,,,,,,,,,,,,,,,,,,,,,,,,,,,,,,,,,,,,,,,0,#Agenda2030.,#carburanti,#energia,#industria,#Italia,,,,,,,,,,,,,,,,,,,,1.681079795524698e+18,,,,,https://twitter.com/elio_matonista/status/1681079795524698117,False,c7a460ad,it,0,"{'positive': 1.0, 'neutral': 0.0, 'negative': 0, 'compound': 1.0, 'sentiment_label': 'Positive'}",1.0,0.0,0.0,1.0,Positive
1986,Mon May 08 23:59:00 +00:00 2023,la maldita,0,,,,,,,,,,,,,,,,,0,0,0,,,,,,,,,,,,,,,,,,,,,,,,,,,,,,,,,,,,,,,,,,,,,,,,,,0,#AGENDA2030,,,,,,,,,,,,,,,,,,,,,,,,1.655724135912276e+18,,,,,https://twitter.com/perritalore/status/1655724135912275969,False,0b0e9f59,it,0,"{'positive': 0, 'neutral': 0.0, 'negative': 1.0, 'compound': -1.0, 'sentiment_label': 'Negative'}",0.0,0.0,1.0,-1.0,Negative
2074,Wed Jul 05 23:11:00 +00:00 2023,io voglio lavorare per arrivare una quarantina dieci anni anche se non sar pi sindacoche fossi servizio dei signior dell cosa risaputa che veste vorresti imporre alle persone di non possedere nullaauto compresaed essere felici,2,f44bfede,,,,,,,,,,,,,,,,0,0,0,482541fb,,,,,,,,,,,,,,,,,,,,,,,,,,,,,,,,,,,,,,,,,,,,,,,,,1,#Agenda2030,,,,,,,,,,,,,,,,,,,,,,,,1.6767306288242442e+18,,,,,https://twitter.com/bonanniandrea1/status/1676730628824244224,False,a1d5ddd0,it,3,"{'positive': 1.0, 'neutral': 0.0, 'negative': 0, 'compound': 1.0, 'sentiment_label': 'Positive'}",1.0,0.0,0.0,1.0,Positive
2082,Mon May 22 23:09:00 +00:00 2023,pipedvideodxszufhtri,0,,,,,,,,,,,,,,,,,0,0,0,,,,,,,,,,,,,,,,,,,,,,,,,,,,,,,,,,,,,,,,,,,,,,,,,,0,#mentalcontrol,#masscontrol,#agenda2030,,,,,,,,,,,,,,,,,,,,,,1.660785089662296e+18,https://piped.video/dXSzuFHT2RI,,,,https://twitter.com/MrMrwhite7777/status/1660785089662296064,False,df278ddd,it,0,"{'positive': 0, 'neutral': 0.0, 'negative': 1.0, 'compound': -1.0, 'sentiment_label': 'Negative'}",0.0,0.0,1.0,-1.0,Negative
2134,Tue Aug 08 22:21:00 +00:00 2023,su base settimanale andamento lento e obiettivo lontano qualenergiaitproarticoli,3,,,,,,,,,,,,,,,,,0,1,0,,,,,,,,,,,,,,,,,,,,,,,,,,,,,,,,,,,,,,,,,,,,,,,,,,2,#Energie,#Rinnovabili,#Italia,#energytransition,#agenda2030,#RenewableEnergy,#Sustainability,#GreenEnergy,#Europe,#Russia,#UkraineRussiaWar,,,,,,,,,,,,,,1.689039173028581e+18,https://www.qualenergia.it/pro/articoli/rinnovabili-italia-su-base-settimanale-andamento-lento-obiettivo-lontano/,,,,https://twitter.com/GradedSpa/status/1689039173028581376,False,911b6b06,it,6,"{'positive': 0, 'neutral': 0.5, 'negative': 0.5, 'compound': -0.5, 'sentiment_label': 'Negative'}",0.0,0.5,0.5,-0.5,Negative
2205,Thu Aug 24 22:24:00 +00:00 2023,il grande reset un rapporto rivela lobiettivo dellorganizzazione globalista per il clima di vietare carne latticini e veicoli privati citt degli stati uniti entro il,0,,,,,,,,,,,,,,,,,0,0,2,,,,,,,,,,,,,,,,,,,,,,,,,,,,,,,,,,,,,,,,,,,,,,,,,,0,#USA,#WEF†#Agenda2030,#2030Agenda,#agricoltura,#carne,#CarneSintetica,#C40,#ClimateCrisis,,,,,,,,,,,,,,,,,1.694838136742797e+18,,,,,https://twitter.com/FertGiuseppe/status/1694838136742797326,False,7ce0fab8,it,2,"{'positive': 0.5, 'neutral': 0.5, 'negative': 0, 'compound': 0.5, 'sentiment_label': 'Positive'}",0.5,0.5,0.0,0.5,Positive
2228,Wed Jul 05 22:58:00 +00:00 2023,,1,,,,,,,,,,,,,,,,,0,0,0,,,,,,,,,,,,,,,,,,,,,,,,,,,,,,,,,,,,,,,,,,,,,,,,,,0,#Agenda2030,#TrappolaUe,,,,,,,,,,,,,,,,,,,,,,,1.6767273410017034e+18,,,,,https://twitter.com/pattypattt/status/1676727341001703433,False,8b06c4bb,it,1,"{'positive': 0, 'neutral': 0.5, 'negative': 0.5, 'compound': -0.5, 'sentiment_label': 'Negative'}",0.0,0.5,0.5,-0.5,Negative
2270,Sat Apr 22 23:54:00 +00:00 2023,pipedvideobqhhdxrutki,0,,,,,,,,,,,,,,,,,0,0,0,,,,,,,,,,,,,,,,,,,,,,,,,,,,,,,,,,,,,,,,,,,,,,,,,,0,#ClimateScam,#ClimateCult,#NetZero,#Agenda21,#Agenda2030,#GreatReset,,,,,,,,,,,,,,,,,,,1.6499247354411786e+18,https://piped.video/BQHhDxRuTkI,,,,https://twitter.com/Reepix4/status/1649924735441178626,False,10f9c861,it,0,"{'positive': 0, 'neutral': 0.0, 'negative': 1.0, 'compound': -1.0, 'sentiment_label': 'Negative'}",0.0,0.0,1.0,-1.0,Negative
2305,Wed Mar 01 16:12:00 +00:00 2023,,6,,,,,,,,,,,,,,,,,0,1,0,b48783d8,1e83e711,,,,,,,,,,,,,,,,,,,,,,,,,,,,,,,,,,,,,,,,,,,,,,,,4,#gardasil,#papillomavirus,#vaccination,#vaccinegenocide,#genocidevaccinal,#graphene,#zelada,#lilianazelada,,,,,,,,,,,,,,,,,1.6309642725607342e+18,,,,,https://twitter.com/Dz_CrytoxX/status/1630964272560734211,False,fa194cb5,it,11,"{'positive': 0, 'neutral': 0.5, 'negative': 0.5, 'compound': -0.5, 'sentiment_label': 'Negative'}",0.0,0.5,0.5,-0.5,Negative
2335,Thu Jul 13 22:43:00 +00:00 2023,arriva il aree idonee meno burocrazia e pi autorizzazioni per ed eolico rt,0,911b6b06,,,,,,,,,,,,,,,,0,0,0,,,,,,,,,,,,,,,,,,,,,,,,,,,,,,,,,,,,,,,,,,,,,,,,,,0,#Energie,"#Rinnovabili,",#decreto,#fotovoltaico,#energy,#EnergyTransition,#EnergyStorage,#solarenergy,#Agenda2030,#Sustainability,#Europe,#Russia,#UkraineRussianWar,,,,,,,,,,,,1.6796226002662277e+18,,,,,https://twitter.com/antonellaautero/status/1679622600266227712,False,327aba5e,it,0,"{'positive': 0, 'neutral': 1, 'negative': 0, 'compound': 0.0, 'sentiment_label': 'Neutral'}",0.0,1.0,0.0,0.0,Neutral
2342,Wed Aug 30 22:13:00 +00:00 2023,una volta sterminata la parte anziana della popolazione depositari dei ricordi e bimbi saranno indottrinati dovere nelle scuole con la toccher noi cinquantenni refrattari la resistenza vera sono curioso di vedere cosa hanno serbo per noi,1,,,,,,,,,,,,,,,,,0,0,1,,,,,,,,,,,,,,,,,,,,,,,,,,,,,,,,,,,,,,,,,,,,,,,,,,2,#Agenda2030,,,,,,,,,,,,,,,,,,,,,,,,1.6970096326973727e+18,,,,,https://twitter.com/Gabriel23322863/status/1697009632697372770,False,dda0b42b,it,4,"{'positive': 1.0, 'neutral': 0.0, 'negative': 0, 'compound': 1.0, 'sentiment_label': 'Positive'}",1.0,0.0,0.0,1.0,Positive
2389,Thu Jul 13 22:42:00 +00:00 2023,ce labbiamo definitivamente quel posto le due cose sono collegate ansaitansanotizieasv,3,,,,,,,,,,,,,,,,,0,0,0,,,,,,,,,,,,,,,,,,,,,,,,,,,,,,,,,,,,,,,,,,,,,,,,,,0,#Agenda2030,#NatoClimaeSicurezza,,,,,,,,,,,,,,,,,,,,,,,1.6796222318385644e+18,https://ansa.it/ansa2030/notizie/asvis/2023/07/05/affrontare-limpatto-del-clima-e-del-degrado-ambientale-su-pace-e-sicurezza_7a448126-2dfa-4324-962c-4d1e65cd3ef2.html,,,,https://twitter.com/Secchicandi2/status/1679622231838564352,False,9ff6cdb8,it,3,"{'positive': 1.0, 'neutral': 0.0, 'negative': 0, 'compound': 1.0, 'sentiment_label': 'Positive'}",1.0,0.0,0.0,1.0,Positive
2427,Mon Jun 19 21:56:00 +00:00 2023,,0,,,,,,,,,,,,,,,,,0,0,0,,,,,,,,,,,,,,,,,,,,,,,,,,,,,,,,,,,,,,,,,,,,,,,,,,0,#cabioclimatico,#Agenda2030,,,,,,,,,,,,,,,,,,,,,,,1.6709133956571707e+18,,,,,https://twitter.com/Mary_LC22/status/1670913395657170946,False,87387750,it,0,"{'positive': 0, 'neutral': 0.5, 'negative': 0.5, 'compound': -0.5, 'sentiment_label': 'Negative'}",0.0,0.5,0.5,-0.5,Negative
2456,Thu Jun 29 22:45:00 +00:00 2023,loro vaticano tramite loro burattinipolitici giudici finanzierisindacalistivogliono la guerra civile co possono imporre meglio la loro,0,,,,,,,,,,,,,,,,,0,0,0,36d4488f,,,,,,,,,,,,,,,,,,,,,,,,,,,,,,,,,,,,,,,,,,,,,,,,,0,#Agenda2030,,,,,,,,,,,,,,,,,,,,,,,,1.6745497007525396e+18,,,,,https://twitter.com/solagimma/status/1674549700752539649,False,8159fd1c,it,0,"{'positive': 0, 'neutral': 1, 'negative': 0, 'compound': 0.0, 'sentiment_label': 'Neutral'}",0.0,1.0,0.0,0.0,Neutral
2498,Thu Apr 20 23:44:00 +00:00 2023,forse perch non si sanno gli effetti lungo termine sulla salute umana israele se vuoi mangiarla devi firmare un consenso informato ti ricorda qualcosa chiss perch dal vaffa il passo stato breve sono nauseato,0,,,,,,,,,,,,,,,,,0,0,0,babe1dd9,,,,,,,,,,,,,,,,,,,,,,,,,,,,,,,,,,,,,,,,,,,,,,,,,0,,,,,,,,,,,,,,,,,,,,,,,,,1.6491974148661002e+18,,,,,https://twitter.com/BoletusFavius/status/1649197414866100224,False,32844298,it,0,"{'positive': 0, 'neutral': 0.0, 'negative': 1.0, 'compound': -1.0, 'sentiment_label': 'Negative'}",0.0,0.0,1.0,-1.0,Negative
2663,Fri Aug 04 22:18:00 +00:00 2023,os ci grufolano tutti sopra gennaio quando ne parlavamo noi questo video se ne negava ancora lesistenza pipedvideolivenxhnmhtknm,14,,,,,,,,,,,,,,,,,0,1,0,,,,,,,,,,,,,,,,,,,,,,,,,,,,,,,,,,,,,,,,,,,,,,,,,,9,#Agenda2030,,,,,,,,,,,,,,,,,,,,,,,,1.6875887799875543e+18,https://piped.video/live/4nxhnmHtkNM?feature=share,,,,https://twitter.com/lameduck1960/status/1687588779987554305,False,94df2546,it,24,"{'positive': 0, 'neutral': 0.0, 'negative': 1.0, 'compound': -1.0, 'sentiment_label': 'Negative'}",0.0,0.0,1.0,-1.0,Negative
2767,Thu Jul 27 22:43:00 +00:00 2023,geotermica sfruttare il calore della per il riscaldamento rt,0,911b6b06,,,,,,,,,,,,,,,,0,0,0,,,,,,,,,,,,,,,,,,,,,,,,,,,,,,,,,,,,,,,,,,,,,,,,,,0,#Case,#energia,#Terra,#energy,#EnergyTransition,#geothermal,#research,#Agenda2030,#Sustainability,#Europe,#Russia,#Ukraine,#UkraineRussiaWar,,,,,,,,,,,,1.684696093269893e+18,,,,,https://twitter.com/antonellaautero/status/1684696093269893120,False,327aba5e,it,0,"{'positive': 0.5, 'neutral': 0.5, 'negative': 0, 'compound': 0.5, 'sentiment_label': 'Positive'}",0.5,0.5,0.0,0.5,Positive
2772,Thu Jul 13 22:31:00 +00:00 2023,arriva il aree idonee meno burocrazia e pi autorizzazioni per ed eolico lasvoltaitrinnovabili,2,,,,,,,,,,,,,,,,,0,1,0,,,,,,,,,,,,,,,,,,,,,,,,,,,,,,,,,,,,,,,,,,,,,,,,,,2,#Energie,"#Rinnovabili,",#decreto,#fotovoltaico,#energy,#EnergyTransition,#EnergyStorage,#solarenergy,#Agenda2030,#Sustainability,#Europe,#Russia,#UkraineRussianWar,,,,,,,,,,,,1.679619588865e+18,https://www.lasvolta.it/8688/rinnovabili-arriva-il-decreto-aree-idonee,,,,https://twitter.com/GradedSpa/status/1679619588864999424,False,911b6b06,it,5,"{'positive': 0, 'neutral': 1, 'negative': 0, 'compound': 0.0, 'sentiment_label': 'Neutral'}",0.0,1.0,0.0,0.0,Neutral
2816,Fri Mar 31 23:42:00 +00:00 2023,e la pelotu ddeeeezzz palllo bastaaaa,0,,,,,,,,,,,,,,,,,0,0,0,,,,,,,,,,,,,,,,,,,,,,,,,,,,,,,,,,,,,,,,,,,,,,,,,,0,#Agenda2030,,,,,,,,,,,,,,,,,,,,,,,,1.6419490390074982e+18,,,,,https://twitter.com/SankarSerLibre/status/1641949039007498240,False,b9ecba0a,it,0,"{'positive': 0, 'neutral': 0.0, 'negative': 1.0, 'compound': -1.0, 'sentiment_label': 'Negative'}",0.0,0.0,1.0,-1.0,Negative
2834,Mon Mar 27 23:58:00 +00:00 2023,cainostoryivreich nelle mani dellultimo padronei n figli senza un futuro,0,97579c43,d2f8a978,2dfab4e6,cbb29f21,0897a3e9,b99786b8,6e99683d,688dc158,3519fe27,6d403735,ad12cac8,924fe68d,04cfe932,,,,0,0,0,,,,,,,,,,,,,,,,,,,,,,,,,,,,,,,,,,,,,,,,,,,,,,,,,,0,#Agenda2030,,,,,,,,,,,,,,,,,,,,,,,,1.6405037139900495e+18,,,,,https://twitter.com/haStatoNESSUNO/status/1640503713990049800,False,be7b0a4d,it,0,"{'positive': 1.0, 'neutral': 0.0, 'negative': 0, 'compound': 1.0, 'sentiment_label': 'Positive'}",1.0,0.0,0.0,1.0,Positive
2913,Sun Jul 23 23:00:00 +00:00 2023,,0,,,,,,,,,,,,,,,,,0,0,0,,,,,,,,,,,,,,,,,,,,,,,,,,,,,,,,,,,,,,,,,,,,,,,,,,0,#agenda2030,#MacronDestitution,,,,,,,,,,,,,,,,,,,,,,,1.6832508774091612e+18,,,,,https://twitter.com/valou_2b/status/1683250877409161216,False,973fe047,it,0,"{'positive': 0, 'neutral': 0.5, 'negative': 0.5, 'compound': -0.5, 'sentiment_label': 'Negative'}",0.0,0.5,0.5,-0.5,Negative
2925,Fri Jun 09 22:45:00 +00:00 2023,lecciones de ecologismo lecciones de vida bufflylcuxv tico,0,,,,,,,,,,,,,,,,,0,0,0,,,,,,,,,,,,,,,,,,,,,,,,,,,,,,,,,,,,,,,,,,,,,,,,,,0,#agenda2030,#cambioclim·tico,#ecologismo,#farsa,#Pucherazo23J,,,,,,,,,,,,,,,,,,,,1.6673019525337006e+18,https://buff.ly/3LcU7xv,,,,https://twitter.com/ladypimpom/status/1667301952533700608,False,9702e876,it,0,"{'positive': 1.0, 'neutral': 0.0, 'negative': 0, 'compound': 1.0, 'sentiment_label': 'Positive'}",1.0,0.0,0.0,1.0,Positive
2964,Tue Mar 21 23:54:00 +00:00 2023,al aborto la,5,,,,,,,,,,,,,,,,,0,0,0,46084289,88271306,,,,,,,,,,,,,,,,,,,,,,,,,,,,,,,,,,,,,,,,,,,,,,,,0,#agenda2030,,,,,,,,,,,,,,,,,,,,,,,,1.6383283384848097e+18,,,,,https://twitter.com/MejiaNelson7/status/1638328338484809730,False,876a1c93,it,5,"{'positive': 0, 'neutral': 0.0, 'negative': 1.0, 'compound': -1.0, 'sentiment_label': 'Negative'}",0.0,0.0,1.0,-1.0,Negative
3001,Thu Jul 27 22:41:00 +00:00 2023,geotermica sfruttare il calore della per il riscaldamento habitanteitcasasostenibil,2,,,,,,,,,,,,,,,,,0,1,0,,,,,,,,,,,,,,,,,,,,,,,,,,,,,,,,,,,,,,,,,,,,,,,,,,2,#Case,#energia,#Terra,#energy,#EnergyTransition,#geothermal,#research,#Agenda2030,#Sustainability,#Europe,#Russia,#Ukraine,#UkraineRussiaWar,,,,,,,,,,,,1.684695639328694e+18,https://www.habitante.it/casa-sostenibile/abitazioni-a-energia-geotermica-sfruttare-il-calore-della-terra-per-il-riscaldamento/,,,,https://twitter.com/GradedSpa/status/1684695639328694272,False,911b6b06,it,5,"{'positive': 0.5, 'neutral': 0.5, 'negative': 0, 'compound': 0.5, 'sentiment_label': 'Positive'}",0.5,0.5,0.0,0.5,Positive
3035,Sun Jul 23 22:59:00 +00:00 2023,,1,,,,,,,,,,,,,,,,,0,0,0,,,,,,,,,,,,,,,,,,,,,,,,,,,,,,,,,,,,,,,,,,,,,,,,,,0,#agenda2030,#COVID19,#illiminati..,,,,,,,,,,,,,,,,,,,,,,1.6832504956101386e+18,,,,,https://twitter.com/valou_2b/status/1683250495610138625,False,973fe047,it,1,"{'positive': 0, 'neutral': 0.5, 'negative': 0.5, 'compound': -0.5, 'sentiment_label': 'Negative'}",0.0,0.5,0.5,-0.5,Negative
3083,Mon Mar 27 23:51:00 +00:00 2023,ivreich nitternetlaveritawebstat una banda di delinquenti al potere,2,97579c43,d2f8a978,2dfab4e6,cbb29f21,0897a3e9,b99786b8,6e99683d,688dc158,3519fe27,6d403735,ad12cac8,924fe68d,04cfe932,,,,0,1,0,,,,,,,,,,,,,,,,,,,,,,,,,,,,,,,,,,,,,,,,,,,,,,,,,,1,#Agenda2030,,,,,,,,,,,,,,,,,,,,,,,,1.6405019101457367e+18,https://nitter.net/LaVeritaWeb/status/1640217208684003329/photo/1,,,,https://twitter.com/haStatoNESSUNO/status/1640501910145736705,False,be7b0a4d,it,4,"{'positive': 1.0, 'neutral': 0.0, 'negative': 0, 'compound': 1.0, 'sentiment_label': 'Positive'}",1.0,0.0,0.0,1.0,Positive
3084,Sat May 20 22:21:00 +00:00 2023,live streaming luned maggio alle ore chat vocale tutto il bisogno di futuro che ho guerrieri vv young live entra vv tmedrqxizbgrynthh fck,0,,,,,,,,,,,,,,,,,0,0,0,,,,,,,,,,,,,,,,,,,,,,,,,,,,,,,,,,,,,,,,,,,,,,,,,,0,#ViVi†#novax†#lottanonviolenta,#agenda2030†??,,,,,,,,,,,,,,,,,,,,,,,1.6600481272634737e+18,https://t.me/+dRQxi4zbGrY5NThh,,,,https://twitter.com/antonellovolan1/status/1660048127263473669,False,1c235472,it,0,"{'positive': 0, 'neutral': 0.0, 'negative': 1.0, 'compound': -1.0, 'sentiment_label': 'Negative'}",0.0,0.0,1.0,-1.0,Negative
3103,Tue Aug 08 21:35:00 +00:00 2023,eccerto co si rischiano di rovinare piani di esproprio del nessuno osi mettere discussione,0,,,,,,,,,,,,,,,,,0,0,0,1db9841c,,,,,,,,,,,,,,,,,,,,,,,,,,,,,,,,,,,,,,,,,,,,,,,,,0,#WEF,#Agenda2030,,,,,,,,,,,,,,,,,,,,,,,1.689027662654722e+18,,,,,https://twitter.com/ChristianTort17/status/1689027662654722048,False,951bb448,it,0,"{'positive': 1.0, 'neutral': 0.0, 'negative': 0, 'compound': 1.0, 'sentiment_label': 'Positive'}",1.0,0.0,0.0,1.0,Positive
3141,Sat Jul 15 22:44:00 +00:00 2023,ofrecera un sacrificio masivo,0,,,,,,,,,,,,,,,,,0,0,0,28b1e0f6,7fa0b804,,,,,,,,,,,,,,,,,,,,,,,,,,,,,,,,,,,,,,,,,,,,,,,,0,#Agenda2030,,,,,,,,,,,,,,,,,,,,,,,,1.6803476476208166e+18,,,,,https://twitter.com/DulceSaraiCamaO/status/1680347647620816896,False,5a7f6070,it,0,"{'positive': 0.5, 'neutral': 0.5, 'negative': 0, 'compound': 0.5, 'sentiment_label': 'Positive'}",0.5,0.5,0.0,0.5,Positive
3170,Wed Mar 15 23:48:00 +00:00 2023,ettore,3,9577a545,dce74895,a9b56510,66d1b958,e2727d16,398f22e4,ad719dcb,c120a9fb,2dfab4e6,,,,,,,,0,0,0,,,,,,,,,,,,,,,,,,,,,,,,,,,,,,,,,,,,,,,,,,,,,,,,,,1,#QuadroSpeciale1966,#Sottsass,#triennalemilano,#StopWar,#cessateilfuoco,#Ukraine?,#16march,#16marzo2023,#mir,#pacis,#peace,#goal16,#Agenda2030,,,,,,,,,,,,1.6361523290019185e+18,,,,,https://twitter.com/ginugiola/status/1636152329001918464,False,6150f991,it,4,"{'positive': 1.0, 'neutral': 0.0, 'negative': 0, 'compound': 1.0, 'sentiment_label': 'Positive'}",1.0,0.0,0.0,1.0,Positive
3182,Sun Mar 19 23:49:00 +00:00 2023,cainostoryivreich,0,97579c43,d2f8a978,2dfab4e6,cbb29f21,0897a3e9,b99786b8,6e99683d,688dc158,3519fe27,6d403735,ad12cac8,924fe68d,04cfe932,,,,0,0,0,,,,,,,,,,,,,,,,,,,,,,,,,,,,,,,,,,,,,,,,,,,,,,,,,,0,,,,,,,,,,,,,,,,,,,,,,,,,1.6376021174005268e+18,,,,,https://twitter.com/pelton2020/status/1637602117400526848,False,b55ca28e,it,0,"{'positive': 1.0, 'neutral': 0.0, 'negative': 0, 'compound': 1.0, 'sentiment_label': 'Positive'}",1.0,0.0,0.0,1.0,Positive
3233,Fri May 12 22:50:00 +00:00 2023,,0,,,,,,,,,,,,,,,,,0,0,0,,,,,,,,,,,,,,,,,,,,,,,,,,,,,,,,,,,,,,,,,,,,,,,,,,0,#Agenda2030,#politica,#milei,,,,,,,,,,,,,,,,,,,,,,1.6571562379000136e+18,,,,,https://twitter.com/Cesar0i/status/1657156237900013568,False,d493cf93,it,0,"{'positive': 0, 'neutral': 0.5, 'negative': 0.5, 'compound': -0.5, 'sentiment_label': 'Negative'}",0.0,0.5,0.5,-0.5,Negative
3240,Sun Mar 19 23:47:00 +00:00 2023,cainostoryivreich,0,97579c43,d2f8a978,2dfab4e6,cbb29f21,0897a3e9,b99786b8,6e99683d,688dc158,3519fe27,6d403735,ad12cac8,924fe68d,04cfe932,,,,0,0,0,,,,,,,,,,,,,,,,,,,,,,,,,,,,,,,,,,,,,,,,,,,,,,,,,,0,,,,,,,,,,,,,,,,,,,,,,,,,1.6376018030040064e+18,,,,,https://twitter.com/pelton2020/status/1637601803004006400,False,b55ca28e,it,0,"{'positive': 1.0, 'neutral': 0.0, 'negative': 0, 'compound': 1.0, 'sentiment_label': 'Positive'}",1.0,0.0,0.0,1.0,Positive
3247,Mon May 08 22:35:00 +00:00 2023,italiapenso che il zio klaus sia cima alla piramide buona settimana,1,,,,,,,,,,,,,,,,,0,0,2,92261c56,,,,,,,,,,,,,,,,,,,,,,,,,,,,,,,,,,,,,,,,,,,,,,,,,0,#AGENDA2030,#4thReich:,,,,,,,,,,,,,,,,,,,,,,,1.6557029927696753e+18,,,,,https://twitter.com/ResidentsCorner/status/1655702992769675269,False,c66ca3a4,it,3,"{'positive': 1.0, 'neutral': 0.0, 'negative': 0, 'compound': 1.0, 'sentiment_label': 'Positive'}",1.0,0.0,0.0,1.0,Positive
3301,Sun Jun 25 23:05:00 +00:00 2023,stanno castrando chmicamente nostri figli attraverso luso diffuso di un pesticida che induce cambio di sesso rane maschio instagramcomreelctotd,2,,,,,,,,,,,,,,,,,0,0,0,,,,,,,,,,,,,,,,,,,,,,,,,,,,,,,,,,,,,,,,,,,,,,,,,,2,"#atrazina,",#atrazine,#gender,#agenda2030,,,,,,,,,,,,,,,,,,,,,1.6731050940850747e+18,https://www.instagram.com/reel/Ct4o_81tdsK/?igshid=ZWRlZmRiZGNlZQ==,,,,https://twitter.com/Italian_Refugee/status/1673105094085074948,False,ad0e1395,it,4,"{'positive': 0, 'neutral': 0.0, 'negative': 1.0, 'compound': -1.0, 'sentiment_label': 'Negative'}",0.0,0.0,1.0,-1.0,Negative
3304,Mon Jul 17 22:39:00 +00:00 2023,state lontani dai prodotti che contenga questo simbolo marchio finanziato da melinda e bill gate rainforest alliance contengono sostanze nocive e atrazina altera il sistema endocrino ed ormonale,0,,,,,,,,,,,,,,,,,0,42,110,,,,,,,,,,,,,,,,,,,,,,,,,,,,,,,,,,,,,,,,,,,,,,,,,,736,#mRNA,#RainforestAlliance,#WHO,#NWO,#Agenda2030,#Rockefeller,,,,,,,,,,,,,,,,,,,1.681071221985751e+18,,,,,https://twitter.com/SalazarYulia/status/1681071221985751043,False,6b62b4ba,it,888,"{'positive': 0, 'neutral': 0.0, 'negative': 1.0, 'compound': -1.0, 'sentiment_label': 'Negative'}",0.0,0.0,1.0,-1.0,Negative
3316,Sun Mar 19 23:45:00 +00:00 2023,cainostoryivreich,0,97579c43,d2f8a978,2dfab4e6,cbb29f21,0897a3e9,b99786b8,6e99683d,688dc158,3519fe27,6d403735,ad12cac8,924fe68d,04cfe932,,,,0,0,0,,,,,,,,,,,,,,,,,,,,,,,,,,,,,,,,,,,,,,,,,,,,,,,,,,0,,,,,,,,,,,,,,,,,,,,,,,,,1.6376012790221862e+18,,,,,https://twitter.com/pelton2020/status/1637601279022186496,False,b55ca28e,it,0,"{'positive': 1.0, 'neutral': 0.0, 'negative': 0, 'compound': 1.0, 'sentiment_label': 'Positive'}",1.0,0.0,0.0,1.0,Positive
3340,Thu Jun 29 22:38:00 +00:00 2023,tatdfaillant,0,,,,,,,,,,,,,,,,,0,0,0,,,,,,,,,,,,,,,,,,,,,,,,,,,,,,,,,,,,,,,,,,,,,,,,,,0,#Agenda2030,#FranciaEstadoFallido,#France…tatDÈfaillant,#FranceFailedState,#UETraiciÛn,,,,,,,,,,,,,,,,,,,,1.67454787662037e+18,,,,,https://twitter.com/ChedeChufa/status/1674547876620369926,False,9523e8ba,it,0,"{'positive': 0, 'neutral': 0.0, 'negative': 1.0, 'compound': -1.0, 'sentiment_label': 'Negative'}",0.0,0.0,1.0,-1.0,Negative
3399,Sun Mar 19 23:45:00 +00:00 2023,cainostoryivreich,0,97579c43,d2f8a978,2dfab4e6,cbb29f21,0897a3e9,b99786b8,6e99683d,688dc158,3519fe27,6d403735,ad12cac8,924fe68d,04cfe932,,,,0,0,0,,,,,,,,,,,,,,,,,,,,,,,,,,,,,,,,,,,,,,,,,,,,,,,,,,0,,,,,,,,,,,,,,,,,,,,,,,,,1.63760111262575e+18,,,,,https://twitter.com/pelton2020/status/1637601112625750018,False,b55ca28e,it,0,"{'positive': 1.0, 'neutral': 0.0, 'negative': 0, 'compound': 1.0, 'sentiment_label': 'Positive'}",1.0,0.0,0.0,1.0,Positive
3463,Sun Mar 19 23:44:00 +00:00 2023,cainostoryivreich,0,97579c43,d2f8a978,2dfab4e6,cbb29f21,0897a3e9,b99786b8,6e99683d,688dc158,3519fe27,6d403735,ad12cac8,924fe68d,04cfe932,,,,0,0,0,,,,,,,,,,,,,,,,,,,,,,,,,,,,,,,,,,,,,,,,,,,,,,,,,,0,,,,,,,,,,,,,,,,,,,,,,,,,1.637600955309908e+18,,,,,https://twitter.com/pelton2020/status/1637600955309907970,False,b55ca28e,it,0,"{'positive': 1.0, 'neutral': 0.0, 'negative': 0, 'compound': 1.0, 'sentiment_label': 'Positive'}",1.0,0.0,0.0,1.0,Positive
3500,Fri Feb 17 23:55:00 +00:00 2023,,1,,,,,,,,,,,,,,,,,0,0,0,,,,,,,,,,,,,,,,,,,,,,,,,,,,,,,,,,,,,,,,,,,,,,,,,,0,#QueTeVoteTxapote,#SanchezDimision,,,,,,,,,,,,,,,,,,,,,,,1.6267320402372198e+18,,,,,https://twitter.com/palomagarciacon/status/1626732040237219840,False,7503bf65,it,1,"{'positive': 0, 'neutral': 0.5, 'negative': 0.5, 'compound': -0.5, 'sentiment_label': 'Negative'}",0.0,0.5,0.5,-0.5,Negative
3626,Wed Aug 30 21:43:00 +00:00 2023,,0,,,,,,,,,,,,,,,,,0,0,0,,,,,,,,,,,,,,,,,,,,,,,,,,,,,,,,,,,,,,,,,,,,,,,,,,0,#Costituzione,#gender,#Agenda2030,,,,,,,,,,,,,,,,,,,,,,1.6970022083933468e+18,,,,,https://twitter.com/ArticoloZero_2/status/1697002208393347096,False,5f656c57,it,0,"{'positive': 0, 'neutral': 0.5, 'negative': 0.5, 'compound': -0.5, 'sentiment_label': 'Negative'}",0.0,0.5,0.5,-0.5,Negative
3633,Sat Jun 03 22:33:00 +00:00 2023,pipedvideogiyvsodcc,0,,,,,,,,,,,,,,,,,0,0,0,,,,,,,,,,,,,,,,,,,,,,,,,,,,,,,,,,,,,,,,,,,,,,,,,,0,#Agenda2030,,,,,,,,,,,,,,,,,,,,,,,,1.6651245712367124e+18,https://piped.video/giy61VsoDCc,,,,https://twitter.com/SDimision/status/1665124571236712448,False,eb146599,it,0,"{'positive': 1.0, 'neutral': 0.0, 'negative': 0, 'compound': 1.0, 'sentiment_label': 'Positive'}",1.0,0.0,0.0,1.0,Positive
3678,Thu Jun 15 22:36:00 +00:00 2023,tiktokcomvideo megan fox admite que hace rituales con sangre,0,,,,,,,,,,,,,,,,,0,0,0,,,,,,,,,,,,,,,,,,,,,,,,,,,,,,,,,,,,,,,,,,,,,,,,,,2,#meganfox,#viral,#satanico,#satanic,#ritual,#rituales,#parati,#adenocromo,#agenda2030,#magufismo,,,,,,,,,,,,,,,1.6694740109780375e+18,https://www.tiktok.com/@magufismo/video/7244913743837138203,,,,https://twitter.com/Juanman58705679/status/1669474010978037760,False,91d6de16,it,2,"{'positive': 0, 'neutral': 0.0, 'negative': 1.0, 'compound': -1.0, 'sentiment_label': 'Negative'}",0.0,0.0,1.0,-1.0,Negative
3715,Sat Jun 03 22:24:00 +00:00 2023,stopworldcontrolcomnlun,0,,,,,,,,,,,,,,,,,0,0,0,,,,,,,,,,,,,,,,,,,,,,,,,,,,,,,,,,,,,,,,,,,,,,,,,,0,#Agenda2030,,,,,,,,,,,,,,,,,,,,,,,,1.6651222162063688e+18,https://stopworldcontrol.com/nl/un/,,,,https://twitter.com/MTvanderWerf/status/1665122216206368768,False,723cecf8,it,0,"{'positive': 1.0, 'neutral': 0.0, 'negative': 0, 'compound': 1.0, 'sentiment_label': 'Positive'}",1.0,0.0,0.0,1.0,Positive
3728,Sun Apr 16 22:49:00 +00:00 2023,pipedvideoghlxcburq,0,,,,,,,,,,,,,,,,,0,0,0,,,,,,,,,,,,,,,,,,,,,,,,,,,,,,,,,,,,,,,,,,,,,,,,,,0,#Agenda2030,#ReligionPersecution,,,,,,,,,,,,,,,,,,,,,,,1.6477339842840945e+18,https://piped.video/ghLxC0-buRQ,,,,https://twitter.com/GLARx2/status/1647733984284094465,False,bdb97747,it,0,"{'positive': 1.0, 'neutral': 0.0, 'negative': 0, 'compound': 1.0, 'sentiment_label': 'Positive'}",1.0,0.0,0.0,1.0,Positive
3791,Fri Jun 09 22:18:00 +00:00 2023,con una manifestazione gualtieri ha fatto un passo indietro che mondo vivete l va avanti le manifestazioni sono controllate dal sistema e le persone rimangono nel recinto co addormentate le persone solo la lotta con strategia funziona,1,,,,,,,,,,,,,,,,,0,0,0,c0076c45,,,,,,,,,,,,,,,,,,,,,,,,,,,,,,,,,,,,,,,,,,,,,,,,,0,#ViVi,#novax,#V_V,,,,,,,,,,,,,,,,,,,,,,1.6672950783672812e+18,,,,,https://twitter.com/disubbidienza/status/1667295078367281152,False,f69b0b52,it,1,"{'positive': 0, 'neutral': 0.0, 'negative': 1.0, 'compound': -1.0, 'sentiment_label': 'Negative'}",0.0,0.0,1.0,-1.0,Negative
3859,Mon Jan 30 23:50:00 +00:00 2023,non voglio indossare una maschera non voglio vivere un metro quadro non voglio mangiare insetti non voglio usare una valuta digitale della banca centrale andate via lasciami pace,0,,,,,,,,,,,,,,,,,0,0,0,,,,,,,,,,,,,,,,,,,,,,,,,,,,,,,,,,,,,,,,,,,,,,,,,,0,#WEFpuppet,#WEFisEvil,#KlausSchwab,#SATANIC,#SatanicAgenda,#AGENDA2030,#Davos2023,,,,,,,,,,,,,,,,,,1.6202079693539942e+18,,,,,https://twitter.com/Isa_guerriero/status/1620207969353994240,False,a99b7594,it,0,"{'positive': 0, 'neutral': 0.0, 'negative': 1.0, 'compound': -1.0, 'sentiment_label': 'Negative'}",0.0,0.0,1.0,-1.0,Negative
3909,Sat Apr 22 23:06:00 +00:00 2023,lobby el poder en la sombra eljardinesperanzacomlobbys,2,,,,,,,,,,,,,,,,,0,0,0,,,,,,,,,,,,,,,,,,,,,,,,,,,,,,,,,,,,,,,,,,,,,,,,,,0,#agenda2030,#cambioclimatologico,#Coaching,#CrecimientoPersonal,#distopia,#Lobbies,#NOM,#psicopatas,,,,,,,,,,,,,,,,,1.6499125090615296e+18,https://eljardinesperanza.com/lobbys-el-poder-en-la-sombra/,,,,https://twitter.com/ESPERANZADELFIN/status/1649912509061529600,False,ab7535bc,it,2,"{'positive': 1.0, 'neutral': 0.0, 'negative': 0, 'compound': 1.0, 'sentiment_label': 'Positive'}",1.0,0.0,0.0,1.0,Positive
3945,Tue May 30 22:44:00 +00:00 2023,que pandemia la farsa sanitarium globalista,0,,,,,,,,,,,,,,,,,0,0,0,756ddf96,,,,,,,,,,,,,,,,,,,,,,,,,,,,,,,,,,,,,,,,,,,,,,,,,0,#Agenda2030,,,,,,,,,,,,,,,,,,,,,,,,1.663677689402671e+18,,,,,https://twitter.com/globalismo2030/status/1663677689402671104,False,e7cd3947,it,0,"{'positive': 0, 'neutral': 0.0, 'negative': 1.0, 'compound': -1.0, 'sentiment_label': 'Negative'}",0.0,0.0,1.0,-1.0,Negative
3957,Sat Jan 28 23:39:00 +00:00 2023,io non ho proprio votato tanto tutti la stessa schifosa e portano avanti chiunque andava al governoavevamo avvertito di non votare facevano lo stesso le loro porcate non potevano dire di avere lassenso popolare per farlo,0,,,,,,,,,,,,,,,,,0,0,1,cab4d57f,0dd877e5,491c6a03,b99786b8,0897a3e9,9a43d8e2,41d47eee,7e013842,8cdded35,,,,,,,,,,,,,,,,,,,,,,,,,,,,,,,,,,,,,,,,,0,#DavosAgenda,#Agenda2030,#ilvotolegalizzaILSistema,,,,,,,,,,,,,,,,,,,,,,1.619480282842767e+18,,,,,https://twitter.com/casino90210/status/1619480282842767360,False,2df36b29,it,1,"{'positive': 0, 'neutral': 0.0, 'negative': 1.0, 'compound': -1.0, 'sentiment_label': 'Negative'}",0.0,0.0,1.0,-1.0,Negative
3960,Tue May 02 22:41:00 +00:00 2023,la coviddi ce stato il aperitivofuck tmewkarhbnqungy,0,,,,,,,,,,,,,,,,,0,0,0,c109bec9,ec6c57b6,16eba2af,,,,,,,,,,,,,,,,,,,,,,,,,,,,,,,,,,,,,,,,,,,,,,,0,#Agenda2030,,,,,,,,,,,,,,,,,,,,,,,,1.6535302988255516e+18,https://t.me/+WKa9R3HBnQU1NGY0,,,,https://twitter.com/SatyaGr92051028/status/1653530298825551872,False,fb701ea0,it,0,"{'positive': 0, 'neutral': 0.0, 'negative': 1.0, 'compound': -1.0, 'sentiment_label': 'Negative'}",0.0,0.0,1.0,-1.0,Negative
4176,Wed Feb 01 23:28:00 +00:00 2023,desenmascaramiento mundial de la naciones unidas stopworldcontrolcomesdell,2,,,,,,,,,,,,,,,,,0,0,0,,,,,,,,,,,,,,,,,,,,,,,,,,,,,,,,,,,,,,,,,,,,,,,,,,1,#Bogot·,#Agenda2030,,,,,,,,,,,,,,,,,,,,,,,1.620926981205561e+18,https://stopworldcontrol.com/es/dellaonu/?inf_contact_key=f0cbc09d28fe6fc831156da9e6714c8e7e470d92b8b75168d98a0b8cac0e9c09,,,,https://twitter.com/willshibarmy/status/1620926981205561345,False,5e845664,it,3,"{'positive': 0, 'neutral': 0.0, 'negative': 1.0, 'compound': -1.0, 'sentiment_label': 'Negative'}",0.0,0.0,1.0,-1.0,Negative
4266,Wed May 24 22:53:00 +00:00 2023,il procede come previstogiornalai al soldo di stampa e tv lavorano senza sosta per diffondere il verbo e politici pddem sinistrati son sempre pronti cavalcarlo e predicarne la dottrina,0,,,,,,,,,,,,,,,,,0,0,0,,,,,,,,,,,,,,,,,,,,,,,,,,,,,,,,,,,,,,,,,,,,,,,,,,0,#turborrincoglionimentodellemasse,#WEF,#Agenda2030,#Bilderberg2023,#Blackrock,#Satana,,,,,,,,,,,,,,,,,,,1.6615057271128348e+18,,,,,https://twitter.com/AdamMDM/status/1661505727112835084,False,e7f1a910,it,0,"{'positive': 1.0, 'neutral': 0.0, 'negative': 0, 'compound': 1.0, 'sentiment_label': 'Positive'}",1.0,0.0,0.0,1.0,Positive
4305,Thu Jan 26 23:38:00 +00:00 2023,brava proprio questo il punto esproprio legalizzato del patrimonio immobiliare italiano senza contare il deprezzamento delle case non pi norma e comperate da fondi immobiliari per lira,8,,,,,,,,,,,,,,,,,0,0,1,bc96e996,9d1be2d4,,,,,,,,,,,,,,,,,,,,,,,,,,,,,,,,,,,,,,,,,,,,,,,,4,#Agenda2030,,,,,,,,,,,,,,,,,,,,,,,,1.6187552287735276e+18,,,,,https://twitter.com/Volpina67046713/status/1618755228773527552,False,a1d69209,it,13,"{'positive': 0, 'neutral': 0.0, 'negative': 1.0, 'compound': -1.0, 'sentiment_label': 'Negative'}",0.0,0.0,1.0,-1.0,Negative
4345,Thu Jul 27 22:07:00 +00:00 2023,farsa covidrialzo tassi dinteressitutto pianificato per dirottare denaro verso le tasche di big pharma industria bellica colossus energia banche multinazionali industria del green,1,,,,,,,,,,,,,,,,,0,0,0,,,,,,,,,,,,,,,,,,,,,,,,,,,,,,,,,,,,,,,,,,,,,,,,,,1,#Agenda2030,#wef,,,,,,,,,,,,,,,,,,,,,,,1.6846869703189504e+18,,,,,https://twitter.com/andrelfieri/status/1684686970318950400,False,04c60ae0,it,2,"{'positive': 0, 'neutral': 0.0, 'negative': 1.0, 'compound': -1.0, 'sentiment_label': 'Negative'}",0.0,0.0,1.0,-1.0,Negative
4401,Tue May 16 22:23:00 +00:00 2023,la vergogna infinita del vostro asservimento complici e assassini,1,b99786b8,,,,,,,,,,,,,,,,0,0,0,,,,,,,,,,,,,,,,,,,,,,,,,,,,,,,,,,,,,,,,,,,,,,,,,,0,#Agenda2030,,,,,,,,,,,,,,,,,,,,,,,,1.6585991005252977e+18,,,,,https://twitter.com/damianatua/status/1658599100525297670,True,a05f8ecf,it,1,"{'positive': 0, 'neutral': 0.0, 'negative': 1.0, 'compound': -1.0, 'sentiment_label': 'Negative'}",0.0,0.0,1.0,-1.0,Negative
4436,Fri Jan 20 23:21:00 +00:00 2023,,1,,,,,,,,,,,,,,,,,0,0,0,,,,,,,,,,,,,,,,,,,,,,,,,,,,,,,,,,,,,,,,,,,,,,,,,,0,#GreatReset,#USA,#Ucraina,#davos,#vaccini,#olocausto,#Agenda2030,#davos,#schwab,,,,,,,,,,,,,,,,1.616576733724934e+18,,,,,https://twitter.com/doctormabuse18/status/1616576733724934145,False,6269d6dc,it,1,"{'positive': 0, 'neutral': 0.5, 'negative': 0.5, 'compound': -0.5, 'sentiment_label': 'Negative'}",0.0,0.5,0.5,-0.5,Negative
4494,Thu Mar 23 23:09:00 +00:00 2023,al globalista de la macron france,0,,,,,,,,,,,,,,,,,0,0,0,,,,,,,,,,,,,,,,,,,,,,,,,,,,,,,,,,,,,,,,,,,,,,,,,,0,#MocionDeCensura,#Agenda2030,#MacronDemission,#manifestation,,,,,,,,,,,,,,,,,,,,,1.6390417737280676e+18,,,,,https://twitter.com/ChemaKold/status/1639041773728067584,False,f5cf5267,it,0,"{'positive': 1.0, 'neutral': 0.0, 'negative': 0, 'compound': 1.0, 'sentiment_label': 'Positive'}",1.0,0.0,0.0,1.0,Positive
4503,Thu Jan 12 23:36:00 +00:00 2023,qu desilusin,0,,,,,,,,,,,,,,,,,0,0,0,d1324c78,,,,,,,,,,,,,,,,,,,,,,,,,,,,,,,,,,,,,,,,,,,,,,,,,0,#Agenda2030....,,,,,,,,,,,,,,,,,,,,,,,,1.6136813927134372e+18,,,,,https://twitter.com/rosar72904207/status/1613681392713437185,False,f0443d63,it,0,"{'positive': 0, 'neutral': 0.0, 'negative': 1.0, 'compound': -1.0, 'sentiment_label': 'Negative'}",0.0,0.0,1.0,-1.0,Negative
4517,Fri May 12 22:41:00 +00:00 2023,litalia e nazione unite continuano lavorare insieme per accelerare lattuazione dellagenda e sei distratto dalle battute uomo donna e non binario governoititmediacampagna,0,,,,,,,,,,,,,,,,,0,0,0,,,,,,,,,,,,,,,,,,,,,,,,,,,,,,,,,,,,,,,,,,,,,,,,,,1,#Italia,#NazioneUnite,#Agenda2030,#kuerv0_yo,,,,,,,,,,,,,,,,,,,,,1.6571540727539712e+18,https://www.governo.it/it/media/campagna-di-comunicazione-festival-sviluppo-sostenibile-2023-la-sostenibilit-tiene-acceso-il,,,,https://twitter.com/kuerv0_yo/status/1657154072753971200,False,2b38655d,it,1,"{'positive': 1.0, 'neutral': 0.0, 'negative': 0, 'compound': 1.0, 'sentiment_label': 'Positive'}",1.0,0.0,0.0,1.0,Positive
4529,Thu Mar 23 23:07:00 +00:00 2023,al globalista de la macron france,1,,,,,,,,,,,,,,,,,0,0,0,,,,,,,,,,,,,,,,,,,,,,,,,,,,,,,,,,,,,,,,,,,,,,,,,,0,#MocionDeCensura,#Agenda2030,#MacronDemission,#manifestation,,,,,,,,,,,,,,,,,,,,,1.6390412859934065e+18,,,,,https://twitter.com/ChemaKold/status/1639041285993406464,False,f5cf5267,it,1,"{'positive': 1.0, 'neutral': 0.0, 'negative': 0, 'compound': 1.0, 'sentiment_label': 'Positive'}",1.0,0.0,0.0,1.0,Positive
4548,Thu Mar 23 23:04:00 +00:00 2023,al globalista de la macron france,2,,,,,,,,,,,,,,,,,0,0,0,,,,,,,,,,,,,,,,,,,,,,,,,,,,,,,,,,,,,,,,,,,,,,,,,,0,#MocionDeCensura,#Agenda2030,#MacronDemission,#manifestation,,,,,,,,,,,,,,,,,,,,,1.6390405677317158e+18,,,,,https://twitter.com/ChemaKold/status/1639040567731716097,False,f5cf5267,it,2,"{'positive': 1.0, 'neutral': 0.0, 'negative': 0, 'compound': 1.0, 'sentiment_label': 'Positive'}",1.0,0.0,0.0,1.0,Positive
4560,Sat Mar 11 23:22:00 +00:00 2023,,0,,,,,,,,,,,,,,,,,0,0,0,,,,,,,,,,,,,,,,,,,,,,,,,,,,,,,,,,,,,,,,,,,,,,,,,,0,#masoneria,#macron,#NOM,#agenda2030,,,,,,,,,,,,,,,,,,,,,1.6346963248502538e+18,,,,,https://twitter.com/Franpitt12/status/1634696324850253824,False,0ae97116,it,0,"{'positive': 0, 'neutral': 0.5, 'negative': 0.5, 'compound': -0.5, 'sentiment_label': 'Negative'}",0.0,0.5,0.5,-0.5,Negative
4589,Sun Mar 19 23:43:00 +00:00 2023,cainostoryivreich,0,97579c43,d2f8a978,2dfab4e6,cbb29f21,0897a3e9,b99786b8,6e99683d,688dc158,3519fe27,6d403735,ad12cac8,924fe68d,04cfe932,,,,0,0,0,,,,,,,,,,,,,,,,,,,,,,,,,,,,,,,,,,,,,,,,,,,,,,,,,,0,,,,,,,,,,,,,,,,,,,,,,,,,1.637600654712619e+18,,,,,https://twitter.com/pelton2020/status/1637600654712619010,False,b55ca28e,it,0,"{'positive': 1.0, 'neutral': 0.0, 'negative': 0, 'compound': 1.0, 'sentiment_label': 'Positive'}",1.0,0.0,0.0,1.0,Positive
4597,Tue Mar 21 23:12:00 +00:00 2023,,1,,,,,,,,,,,,,,,,,0,0,0,,,,,,,,,,,,,,,,,,,,,,,,,,,,,,,,,,,,,,,,,,,,,,,,,,1,#Agenda2030,#Governodraghibis,#SennÚvinceilPD,,,,,,,,,,,,,,,,,,,,,,1.638317715134861e+18,,,,,https://twitter.com/Gabriel23322863/status/1638317715134861312,False,dda0b42b,it,2,"{'positive': 0, 'neutral': 0.5, 'negative': 0.5, 'compound': -0.5, 'sentiment_label': 'Negative'}",0.0,0.5,0.5,-0.5,Negative
4610,Sun Jul 09 22:29:00 +00:00 2023,bergoglio entrego la iglesia del vaticano la,1,,,,,,,,,,,,,,,,,0,0,0,08570365,42931adc,08570365,,,,,,,,,,,,,,,,,,,,,,,,,,,,,,,,,,,,,,,,,,,,,,,1,#Agenda2030,,,,,,,,,,,,,,,,,,,,,,,,1.6781696188698867e+18,,,,,https://twitter.com/SoTruth1/status/1678169618869886976,False,08570365,it,2,"{'positive': 1.0, 'neutral': 0.0, 'negative': 0, 'compound': 1.0, 'sentiment_label': 'Positive'}",1.0,0.0,0.0,1.0,Positive
4665,Tue Mar 07 23:07:00 +00:00 2023,canal donde va uno por la verdad vamos todos por la paz pipedvideocjnedggq tmeritama,1,2bd70a51,50e0ef18,36c43394,,,,,,,,,,,,,,0,0,0,,,,,,,,,,,,,,,,,,,,,,,,,,,,,,,,,,,,,,,,,,,,,,,,,,0,#Agenda2030,,,,,,,,,,,,,,,,,,,,,,,,1.633242885868114e+18,https://piped.video/cJ8N6edg7GQ,https://t.me/ritama63/79349,,,https://twitter.com/ritamaaz63/status/1633242885868113920,False,5235d6ce,it,1,"{'positive': 1.0, 'neutral': 0.0, 'negative': 0, 'compound': 1.0, 'sentiment_label': 'Positive'}",1.0,0.0,0.0,1.0,Positive
4692,Wed Aug 02 21:42:00 +00:00 2023,nel pi di un terzo dellelettricit arriver dalle fonti rt,0,911b6b06,,,,,,,,,,,,,,,,0,0,0,,,,,,,,,,,,,,,,,,,,,,,,,,,,,,,,,,,,,,,,,,,,,,,,,,0,#Energia,#rinnovabili,#energy,#energytransition,#electricity,#renewables,#Sustainability,#Agenda2030,#Europe,#Russia,#UkraineRussianWar,,,,,,,,,,,,,,1.6868549335369933e+18,,,,,https://twitter.com/antonellaautero/status/1686854933536993282,False,327aba5e,it,0,"{'positive': 0, 'neutral': 0.0, 'negative': 1.0, 'compound': -1.0, 'sentiment_label': 'Negative'}",0.0,0.0,1.0,-1.0,Negative
4696,Sun Mar 19 23:42:00 +00:00 2023,cainostoryivreichla toppa peggio del buco,1,97579c43,d2f8a978,2dfab4e6,cbb29f21,0897a3e9,b99786b8,6e99683d,688dc158,3519fe27,6d403735,ad12cac8,924fe68d,04cfe932,,,,0,0,0,,,,,,,,,,,,,,,,,,,,,,,,,,,,,,,,,,,,,,,,,,,,,,,,,,1,,,,,,,,,,,,,,,,,,,,,,,,,1.6376003422705172e+18,,,,,https://twitter.com/pelton2020/status/1637600342270517248,False,b55ca28e,it,2,"{'positive': 0, 'neutral': 0.0, 'negative': 1.0, 'compound': -1.0, 'sentiment_label': 'Negative'}",0.0,0.0,1.0,-1.0,Negative
4711,Sun Jul 09 22:19:00 +00:00 2023,la,0,,,,,,,,,,,,,,,,,0,0,0,,,,,,,,,,,,,,,,,,,,,,,,,,,,,,,,,,,,,,,,,,,,,,,,,,0,#Agenda2030,#stopagenda2030,,,,,,,,,,,,,,,,,,,,,,,1.678167094012047e+18,,,,,https://twitter.com/ana_harta/status/1678167094012047360,False,2f70b559,it,0,"{'positive': 1.0, 'neutral': 0.0, 'negative': 0, 'compound': 1.0, 'sentiment_label': 'Positive'}",1.0,0.0,0.0,1.0,Positive
4719,Thu Dec 29 23:38:00 +00:00 2022,grande verita cerchiamo di ripulire questo paese da cotanta e di smidollati,1,b99786b8,,,,,,,,,,,,,,,,0,0,0,,,,,,,,,,,,,,,,,,,,,,,,,,,,,,,,,,,,,,,,,,,,,,,,,,0,#sporcizia,#marciume,#servi,#Agenda2030,,,,,,,,,,,,,,,,,,,,,1.608608463810351e+18,,,,,https://twitter.com/damianatua/status/1608608463810351104,True,a05f8ecf,it,1,"{'positive': 1.0, 'neutral': 0.0, 'negative': 0, 'compound': 1.0, 'sentiment_label': 'Positive'}",1.0,0.0,0.0,1.0,Positive
4765,Fri May 12 22:18:00 +00:00 2023,sergio massa perotti chantal bonelli,0,,,,,,,,,,,,,,,,,0,0,0,,,,,,,,,,,,,,,,,,,,,,,,,,,,,,,,,,,,,,,,,,,,,,,,,,0,#inflacion,#ElPeorGobiernoDeLaHistoria,#Agenda2030,#LAM,,,,,,,,,,,,,,,,,,,,,1.6571483790281564e+18,,,,,https://twitter.com/sabiros5/status/1657148379028156418,False,33c40f40,it,0,"{'positive': 0, 'neutral': 1, 'negative': 0, 'compound': 0.0, 'sentiment_label': 'Neutral'}",0.0,1.0,0.0,0.0,Neutral
4784,Wed Aug 02 21:40:00 +00:00 2023,nel pi di un terzo dellelettricit arriver dalle fonti infodatailsoleorecom,2,,,,,,,,,,,,,,,,,0,1,0,,,,,,,,,,,,,,,,,,,,,,,,,,,,,,,,,,,,,,,,,,,,,,,,,,2,#Energia,#rinnovabili,#energy,#energytransition,#electricity,#renewables,#Sustainability,#Agenda2030,#Europe,#Russia,#UkraineRussianWar,,,,,,,,,,,,,,1.686854608671404e+18,https://www.infodata.ilsole24ore.com/2023/08/02/nel-2025-piu-di-un-terzo-dellelettricita-arrivera-dalle-fonti-rinnovabili/,,,,https://twitter.com/GradedSpa/status/1686854608671404032,False,911b6b06,it,5,"{'positive': 0, 'neutral': 0.0, 'negative': 1.0, 'compound': -1.0, 'sentiment_label': 'Negative'}",0.0,0.0,1.0,-1.0,Negative
4842,Sun Mar 19 23:40:00 +00:00 2023,cainostoryivreich,0,97579c43,d2f8a978,2dfab4e6,cbb29f21,0897a3e9,b99786b8,6e99683d,688dc158,3519fe27,6d403735,ad12cac8,924fe68d,04cfe932,,,,0,0,0,,,,,,,,,,,,,,,,,,,,,,,,,,,,,,,,,,,,,,,,,,,,,,,,,,0,,,,,,,,,,,,,,,,,,,,,,,,,1.6375999166619156e+18,,,,,https://twitter.com/pelton2020/status/1637599916661915648,False,b55ca28e,it,0,"{'positive': 1.0, 'neutral': 0.0, 'negative': 0, 'compound': 1.0, 'sentiment_label': 'Positive'}",1.0,0.0,0.0,1.0,Positive
4940,Fri Jul 07 21:22:00 +00:00 2023,l la ficco culo,0,,,,,,,,,,,,,,,,,0,0,0,,,,,,,,,,,,,,,,,,,,,,,,,,,,,,,,,,,,,,,,,,,,,,,,,,0,,,,,,,,,,,,,,,,,,,,,,,,,1.6774279449798328e+18,,,,,https://twitter.com/FabyCony3/status/1677427944979832832,False,2f8f3656,it,0,"{'positive': 0, 'neutral': 1, 'negative': 0, 'compound': 0.0, 'sentiment_label': 'Neutral'}",0.0,1.0,0.0,0.0,Neutral
4994,Sun Mar 19 23:31:00 +00:00 2023,cainostoryivreich,0,97579c43,d2f8a978,2dfab4e6,cbb29f21,0897a3e9,b99786b8,6e99683d,688dc158,3519fe27,6d403735,ad12cac8,924fe68d,04cfe932,,,,0,0,0,,,,,,,,,,,,,,,,,,,,,,,,,,,,,,,,,,,,,,,,,,,,,,,,,,0,,,,,,,,,,,,,,,,,,,,,,,,,1.6375977527072197e+18,,,,,https://twitter.com/pelton2020/status/1637597752707219457,False,b55ca28e,it,0,"{'positive': 1.0, 'neutral': 0.0, 'negative': 0, 'compound': 1.0, 'sentiment_label': 'Positive'}",1.0,0.0,0.0,1.0,Positive
5028,Tue Jul 11 21:26:00 +00:00 2023,questi sono pazzi da rinchiudere manicomio,1,,,,,,,,,,,,,,,,,0,0,1,,,,,,,,,,,,,,,,,,,,,,,,,,,,,,,,,,,,,,,,,,,,,,,,,,0,#NoAgenda2030,#StopWEF,#Italia,#LucioMalan,#Malan,#FDI,#Usa,#Ue,#UK,#C40,#Occidente,#GeorgeSoros,#Soros,#OpenSocietyFoundations,#HillaryClinton,#Clinton,#ClintonFoundation,#WEF,#agricoltura,#alimentazione,#Agenda2030,#2030Agenda,,,1.678878444002726e+18,,,,,https://twitter.com/FertGiuseppe/status/1678878444002725889,False,7ce0fab8,it,2,"{'positive': 1.0, 'neutral': 0.0, 'negative': 0, 'compound': 1.0, 'sentiment_label': 'Positive'}",1.0,0.0,0.0,1.0,Positive
5085,Sun Mar 19 23:31:00 +00:00 2023,cainostoryivreich,0,97579c43,d2f8a978,2dfab4e6,cbb29f21,0897a3e9,b99786b8,6e99683d,688dc158,3519fe27,6d403735,ad12cac8,924fe68d,04cfe932,,,,0,0,0,,,,,,,,,,,,,,,,,,,,,,,,,,,,,,,,,,,,,,,,,,,,,,,,,,0,,,,,,,,,,,,,,,,,,,,,,,,,1.6375975846372636e+18,,,,,https://twitter.com/pelton2020/status/1637597584637263874,False,b55ca28e,it,0,"{'positive': 1.0, 'neutral': 0.0, 'negative': 0, 'compound': 1.0, 'sentiment_label': 'Positive'}",1.0,0.0,0.0,1.0,Positive
5110,Fri Dec 09 23:40:00 +00:00 2022,supercazzolaprematuratolacondoppioscappelamentoadestraesinistra,0,,,,,,,,,,,,,,,,,0,0,0,1c0be14a,bbfe29dc,,,,,,,,,,,,,,,,,,,,,,,,,,,,,,,,,,,,,,,,,,,,,,,,0,#Ucraina,#Agenda2030,#Russia,#RussianUkrainianWar,,,,,,,,,,,,,,,,,,,,,1.601361239241736e+18,,,,,https://twitter.com/mika900993/status/1601361239241736192,False,fa359897,it,0,"{'positive': 1.0, 'neutral': 0.0, 'negative': 0, 'compound': 1.0, 'sentiment_label': 'Positive'}",1.0,0.0,0.0,1.0,Positive
5125,Thu Dec 01 23:47:00 +00:00 2022,un governo che ha fatto promesse ferma la decisione della quale agenda state seguendo di chi,17,,,,,,,,,,,,,,,,,0,0,1,b99786b8,,,,,,,,,,,,,,,,,,,,,,,,,,,,,,,,,,,,,,,,,,,,,,,,,4,#mortecostituzionale,#Agenda2030,#GreatReset,,,,,,,,,,,,,,,,,,,,,,1.5984638145294254e+18,,,,,https://twitter.com/Meira85253235/status/1598463814529425408,False,2f211b6a,it,22,"{'positive': 0, 'neutral': 0.0, 'negative': 1.0, 'compound': -1.0, 'sentiment_label': 'Negative'}",0.0,0.0,1.0,-1.0,Negative
